est_x,est_y,odom_x,odom_y,gt_x,gt_y,cov_x,cov_y,cov_xy,cov_yx,heading_cmd,speed_cmd,heading,speed,setpoint_x,setpoint_y
nan,nan,1.4516375586026697e-06,5.7449418818578124e-05,1.4516375586026697e-06,5.7449418818578124e-05,nan,nan,nan,nan,0.0,0.0,0.0,0.0,0.0,0.0
nan,nan,1.9246331248723436e-06,7.099856884451583e-05,1.9246331248723436e-06,7.099856884451583e-05,nan,nan,nan,nan,0.0,0.0,0.0,0.0,0.0,0.0
nan,nan,2.086126187350601e-06,7.736728730378672e-05,2.086126187350601e-06,7.736728730378672e-05,nan,nan,nan,nan,0.0,0.0,0.0,0.0,0.0,0.0
nan,nan,2.1576163362624357e-06,7.862851634854451e-05,2.1576163362624357e-06,7.862851634854451e-05,nan,nan,nan,nan,0.0,0.0,0.0,0.0,0.0,0.0
nan,nan,2.2672013528790558e-06,8.475411596009508e-05,2.2672013528790558e-06,8.475411596009508e-05,nan,nan,nan,nan,0.0,0.0,0.0,0.0,0.0,0.0
nan,nan,2.4027085601119325e-06,8.961731509771198e-05,2.4027085601119325e-06,8.961731509771198e-05,nan,nan,nan,nan,0.0,0.0,0.0,0.0,0.0,0.0
nan,nan,2.436818022033549e-06,9.3752947577741e-05,2.436818022033549e-06,9.3752947577741e-05,nan,nan,nan,nan,0.0,0.0,0.0,0.0,0.0,0.0
nan,nan,2.4357707388844574e-06,9.408850019099191e-05,2.4357707388844574e-06,9.408850019099191e-05,nan,nan,nan,nan,0.0,0.0,0.0,0.0,0.0,0.0
nan,nan,2.6032544155896176e-06,0.00010019265755545348,2.6032544155896176e-06,0.00010019265755545348,nan,nan,nan,nan,0.0,0.0,0.0,0.0,0.0,0.0
nan,nan,2.8575989290402504e-06,0.00010197420488111675,2.8575989290402504e-06,0.00010197420488111675,nan,nan,nan,nan,0.0,0.0,0.0,0.0,0.0,0.0
nan,nan,2.9120774343027733e-06,0.00010577283683232963,2.9120774343027733e-06,0.00010577283683232963,nan,nan,nan,nan,0.0,0.0,0.0,0.0,0.0,0.0
nan,nan,3.076815346503281e-06,0.00011083036952186376,3.076815346503281e-06,0.00011083036952186376,nan,nan,nan,nan,0.0,0.0,0.0,0.0,0.0,0.0
nan,nan,3.330822437419556e-06,0.00012179678014945239,3.330822437419556e-06,0.00012179678014945239,nan,nan,nan,nan,0.0,0.0,0.0,0.0,0.0,0.0
nan,nan,3.2225141239905497e-06,0.00011660715244943276,3.2225141239905497e-06,0.00011660715244943276,nan,nan,nan,nan,0.0,0.0,0.0,0.0,0.0,0.0
nan,nan,3.445122274570167e-06,0.00011100955453002825,3.445122274570167e-06,0.00011100955453002825,nan,nan,nan,nan,0.0,0.0,0.0,0.0,0.0,0.0
nan,nan,3.220134431103361e-06,0.00012099189916625619,3.220134431103361e-06,0.00012099189916625619,nan,nan,nan,nan,0.0,0.0,0.0,0.0,0.0,0.0
nan,nan,3.3030703434633324e-06,0.00011782719957409427,3.3030703434633324e-06,0.00011782719957409427,nan,nan,nan,nan,0.0,0.0,0.0,0.0,0.0,0.0
nan,nan,3.443798277658061e-06,0.00012601743219420314,3.443798277658061e-06,0.00012601743219420314,nan,nan,nan,nan,0.0,0.0,0.0,0.0,0.0,0.0
nan,nan,3.1779311484569917e-06,0.00012900293222628534,3.1779311484569917e-06,0.00012900293222628534,nan,nan,nan,nan,0.0,0.0,0.0,0.0,0.0,0.0
nan,nan,3.4326333206990967e-06,0.00012360686378087848,3.4326333206990967e-06,0.00012360686378087848,nan,nan,nan,nan,0.0,0.0,0.0,0.0,0.0,0.0
nan,nan,3.492160431051161e-06,0.0001242493453901261,3.492160431051161e-06,0.0001242493453901261,nan,nan,nan,nan,0.0,0.0,0.0,0.0,0.0,0.0
nan,nan,3.434878863117774e-06,0.00011620393343036994,3.434878863117774e-06,0.00011620393343036994,nan,nan,nan,nan,0.0,0.0,0.0,0.0,0.0,0.0
nan,nan,3.60251692654856e-06,0.00012161545600974932,3.60251692654856e-06,0.00012161545600974932,nan,nan,nan,nan,0.0,0.0,0.0,0.0,0.0,0.0
nan,nan,3.3961775898205815e-06,0.000119901800644584,3.3961775898205815e-06,0.000119901800644584,nan,nan,nan,nan,0.0,0.0,0.0,0.0,0.0,0.0
nan,nan,3.3496089599793777e-06,0.00012125943612772971,3.3496089599793777e-06,0.00012125943612772971,nan,nan,nan,nan,0.0,0.0,0.0,0.0,0.0,0.0
nan,nan,3.2953910249489127e-06,0.00012565094220917672,3.2953910249489127e-06,0.00012565094220917672,nan,nan,nan,nan,0.0,0.0,0.0,0.0,0.0,0.0
nan,nan,3.370407739566872e-06,0.00012039831926813349,3.370407739566872e-06,0.00012039831926813349,nan,nan,nan,nan,0.0,0.0,0.0,0.0,0.0,0.0
nan,nan,3.418044116187957e-06,0.00012743241677526385,3.418044116187957e-06,0.00012743241677526385,nan,nan,nan,nan,0.0,0.0,0.0,0.0,0.0,0.0
nan,nan,3.314250307084876e-06,0.00012295575288590044,3.314250307084876e-06,0.00012295575288590044,nan,nan,nan,nan,0.0,0.0,0.0,0.0,0.0,0.0
nan,nan,3.1723589017929044e-06,0.0001304843317484483,3.1723589017929044e-06,0.0001304843317484483,nan,nan,nan,nan,0.0,0.0,0.0,0.0,0.0,0.0
nan,nan,2.4740193111938424e-06,0.00014096131781116128,2.4740193111938424e-06,0.00014096131781116128,nan,nan,nan,nan,0.0,0.0,0.0,0.0,0.0,0.0
nan,nan,2.143271785826073e-06,0.00013946705439593643,2.143271785826073e-06,0.00013946705439593643,nan,nan,nan,nan,0.0,0.0,0.0,0.0,0.0,0.0
nan,nan,2.281602746734279e-06,0.00014622574963141233,2.281602746734279e-06,0.00014622574963141233,nan,nan,nan,nan,0.0,0.0,0.0,0.0,0.0,0.0
nan,nan,2.333595830350532e-06,0.00014686277427244931,2.333595830350532e-06,0.00014686277427244931,nan,nan,nan,nan,0.0,0.0,0.0,0.0,0.0,0.0
nan,nan,2.3241670987772522e-06,0.00014692539116367698,2.3241670987772522e-06,0.00014692539116367698,nan,nan,nan,nan,0.0,0.0,0.0,0.0,0.0,0.0
nan,nan,2.479339400451863e-06,0.00014643142640125006,2.479339400451863e-06,0.00014643142640125006,nan,nan,nan,nan,0.0,0.0,0.0,0.0,0.0,0.0
nan,nan,2.4563257738918765e-06,0.0001478244666941464,2.4563257738918765e-06,0.0001478244666941464,nan,nan,nan,nan,0.0,0.0,0.0,0.0,0.0,0.0
nan,nan,2.7295284326100955e-06,0.0001481260114815086,2.7295284326100955e-06,0.0001481260114815086,nan,nan,nan,nan,0.0,0.0,0.0,0.0,0.0,0.0
nan,nan,2.588811412351788e-06,0.00015223945956677198,2.588811412351788e-06,0.00015223945956677198,nan,nan,nan,nan,0.0,0.0,0.0,0.0,0.0,0.0
nan,nan,2.593879798951093e-06,0.00015323168190661818,2.593879798951093e-06,0.00015323168190661818,nan,nan,nan,nan,0.0,0.0,0.0,0.0,0.0,0.0
nan,nan,2.8705751446977956e-06,0.00015845484449528158,2.8705751446977956e-06,0.00015845484449528158,nan,nan,nan,nan,0.0,0.0,0.0,0.0,0.0,0.0
nan,nan,2.7757303087128093e-06,0.0001554935734020546,2.7757303087128093e-06,0.0001554935734020546,nan,nan,nan,nan,0.0,0.0,0.0,0.0,0.0,0.0
nan,nan,2.8208596631884575e-06,0.00015572064148727804,2.8208596631884575e-06,0.00015572064148727804,nan,nan,nan,nan,0.0,0.0,0.0,0.0,0.0,0.0
nan,nan,2.9299926609382965e-06,0.0001569069136166945,2.9299926609382965e-06,0.0001569069136166945,nan,nan,nan,nan,0.0,0.0,0.0,0.0,0.0,0.0
nan,nan,2.8070530788681936e-06,0.00015810811601113528,2.8070530788681936e-06,0.00015810811601113528,nan,nan,nan,nan,0.0,0.0,0.0,0.0,0.0,0.0
nan,nan,2.963661472676904e-06,0.00016011139086913317,2.963661472676904e-06,0.00016011139086913317,nan,nan,nan,nan,0.0,0.0,0.0,0.0,0.0,0.0
nan,nan,2.860850599972764e-06,0.00015164299111347646,2.860850599972764e-06,0.00015164299111347646,nan,nan,nan,nan,0.0,0.0,0.0,0.0,0.0,0.0
nan,nan,2.895996658480726e-06,0.00015388964675366879,2.895996658480726e-06,0.00015388964675366879,nan,nan,nan,nan,0.0,0.0,0.0,0.0,0.0,0.0
nan,nan,2.844441041816026e-06,0.0001548417640151456,2.844441041816026e-06,0.0001548417640151456,nan,nan,nan,nan,0.0,0.0,0.0,0.0,0.0,0.0
nan,nan,3.022784085260355e-06,0.00014568910410162061,3.022784085260355e-06,0.00014568910410162061,nan,nan,nan,nan,0.0,0.0,0.0,0.0,0.0,0.0
nan,nan,2.933550604211632e-06,0.00014661095337942243,2.933550604211632e-06,0.00014661095337942243,nan,nan,nan,nan,0.0,0.0,0.0,0.0,0.0,0.0
nan,nan,3.0232151857489953e-06,0.0001427449897164479,3.0232151857489953e-06,0.0001427449897164479,nan,nan,nan,nan,0.0,0.0,0.0,0.0,0.0,0.0
nan,nan,3.0324163162731566e-06,0.00014522024139296263,3.0324163162731566e-06,0.00014522024139296263,nan,nan,nan,nan,0.0,0.0,0.0,0.0,0.0,0.0
nan,nan,3.0610647172579775e-06,0.00014360739442054182,3.0610647172579775e-06,0.00014360739442054182,nan,nan,nan,nan,0.0,0.0,0.0,0.0,0.0,0.0
nan,nan,3.1800620945432456e-06,0.00013919867342337966,3.1800620945432456e-06,0.00013919867342337966,nan,nan,nan,nan,0.0,0.0,0.0,0.0,0.0,0.0
nan,nan,3.2702271255402593e-06,0.00014076070510782301,3.2702271255402593e-06,0.00014076070510782301,nan,nan,nan,nan,0.0,0.0,0.0,0.0,0.0,0.0
nan,nan,3.4680967928579776e-06,0.00013756468251813203,3.4680967928579776e-06,0.00013756468251813203,nan,nan,nan,nan,0.0,0.0,0.0,0.0,0.0,0.0
nan,nan,3.5167645364708733e-06,0.00014324106450658292,3.5167645364708733e-06,0.00014324106450658292,nan,nan,nan,nan,0.0,0.0,0.0,0.0,0.0,0.0
nan,nan,3.5885529996448895e-06,0.00014039382222108543,3.5885529996448895e-06,0.00014039382222108543,nan,nan,nan,nan,0.0,0.0,0.0,0.0,0.0,0.0
nan,nan,3.6235880997992354e-06,0.00014755266602151096,3.6235880997992354e-06,0.00014755266602151096,nan,nan,nan,nan,0.0,0.0,0.0,0.0,0.0,0.0
nan,nan,3.610692829170148e-06,0.0001481618674006313,3.610692829170148e-06,0.0001481618674006313,nan,nan,nan,nan,0.0,0.0,0.0,0.0,0.0,0.0
nan,nan,3.875947641063249e-06,0.00014879847003612667,3.875947641063249e-06,0.00014879847003612667,nan,nan,nan,nan,0.0,0.0,0.0,0.0,0.0,0.0
nan,nan,3.9038695831550285e-06,0.00015030906070023775,3.9038695831550285e-06,0.00015030906070023775,nan,nan,nan,nan,0.0,0.0,0.0,0.0,0.0,0.0
nan,nan,3.930888397007948e-06,0.0001441678177798167,3.930888397007948e-06,0.0001441678177798167,nan,nan,nan,nan,0.0,0.0,0.0,0.0,0.0,0.0
nan,nan,3.897127498930786e-06,0.00014549135812558234,3.897127498930786e-06,0.00014549135812558234,nan,nan,nan,nan,0.0,0.0,0.0,0.0,0.0,0.0
nan,nan,4.048891241836827e-06,0.0001456509780837223,4.048891241836827e-06,0.0001456509780837223,nan,nan,nan,nan,0.0,0.0,0.0,0.0,0.0,0.0
nan,nan,4.1133516788249835e-06,0.00014214791008271277,4.1133516788249835e-06,0.00014214791008271277,nan,nan,nan,nan,0.0,0.0,0.0,0.0,0.0,0.0
nan,nan,4.1827420318441e-06,0.0001462271757191047,4.1827420318441e-06,0.0001462271757191047,nan,nan,nan,nan,0.0,0.0,0.0,0.0,0.0,0.0
nan,nan,4.169026851741364e-06,0.00014439213555306196,4.169026851741364e-06,0.00014439213555306196,nan,nan,nan,nan,0.0,0.0,0.0,0.0,0.0,0.0
nan,nan,4.028987405035878e-06,0.0001428839605068788,4.028987405035878e-06,0.0001428839605068788,nan,nan,nan,nan,0.0,0.0,0.0,0.0,0.0,0.0
nan,nan,4.09529775424744e-06,0.00014261683099903166,4.09529775424744e-06,0.00014261683099903166,nan,nan,nan,nan,0.0,0.0,0.0,0.0,0.0,0.0
nan,nan,3.858013769786339e-06,0.00014100866974331439,3.858013769786339e-06,0.00014100866974331439,nan,nan,nan,nan,0.0,0.0,0.0,0.0,0.0,0.0
nan,nan,3.712209490913665e-06,0.0001389001845382154,3.712209490913665e-06,0.0001389001845382154,nan,nan,nan,nan,0.0,0.0,0.0,0.0,0.0,0.0
nan,nan,3.9608130464330316e-06,0.00014147094043437392,3.9608130464330316e-06,0.00014147094043437392,nan,nan,nan,nan,0.0,0.0,0.0,0.0,0.0,0.0
nan,nan,3.6432684282772243e-06,0.00014230547822080553,3.6432684282772243e-06,0.00014230547822080553,nan,nan,nan,nan,0.0,0.0,0.0,0.0,0.0,0.0
nan,nan,3.3653334412520053e-06,0.00013653600763063878,3.3653334412520053e-06,0.00013653600763063878,nan,nan,nan,nan,0.0,0.0,0.0,0.0,0.0,0.0
nan,nan,4.192530468571931e-06,0.00013735046377405524,4.192530468571931e-06,0.00013735046377405524,nan,nan,nan,nan,0.0,0.0,0.0,0.0,0.0,0.0
nan,nan,3.3067053664126433e-06,0.0001381106994813308,3.3067053664126433e-06,0.0001381106994813308,nan,nan,nan,nan,0.0,0.0,0.0,0.0,0.0,0.0
nan,nan,3.980020665039774e-06,0.00012837423128075898,3.980020665039774e-06,0.00012837423128075898,nan,nan,nan,nan,0.0,0.0,0.0,0.0,0.0,0.0
nan,nan,3.919564278476173e-06,0.00013696314999833703,3.919564278476173e-06,0.00013696314999833703,nan,nan,nan,nan,0.0,0.0,0.0,0.0,0.0,0.0
nan,nan,3.2090474633150734e-06,0.00013237794337328523,3.2090474633150734e-06,0.00013237794337328523,nan,nan,nan,nan,0.0,0.0,0.0,0.0,0.0,0.0
nan,nan,3.941447175748181e-06,0.0001331266830675304,3.941447175748181e-06,0.0001331266830675304,nan,nan,nan,nan,0.0,0.0,0.0,0.0,0.0,0.0
nan,nan,4.016284947283566e-06,0.0001344247575616464,4.016284947283566e-06,0.0001344247575616464,nan,nan,nan,nan,0.0,0.0,0.0,0.0,0.0,0.0
nan,nan,3.2615519103273982e-06,0.0001395001308992505,3.2615519103273982e-06,0.0001395001308992505,nan,nan,nan,nan,0.0,0.0,0.0,0.0,0.0,0.0
nan,nan,3.9566598388773855e-06,0.0001412872807122767,3.9566598388773855e-06,0.0001412872807122767,nan,nan,nan,nan,0.0,0.0,0.0,0.0,0.0,0.0
nan,nan,3.303211315142107e-06,0.0001413113932358101,3.303211315142107e-06,0.0001413113932358101,nan,nan,nan,nan,0.0,0.0,0.0,0.0,0.0,0.0
nan,nan,3.4546753795439145e-06,0.000145068479469046,3.4546753795439145e-06,0.000145068479469046,nan,nan,nan,nan,0.0,0.0,0.0,0.0,0.0,0.0
nan,nan,4.115352567168884e-06,0.00014193904644344002,4.115352567168884e-06,0.00014193904644344002,nan,nan,nan,nan,0.0,0.0,0.0,0.0,0.0,0.0
nan,nan,3.517576942613232e-06,0.000144213845487684,3.517576942613232e-06,0.000144213845487684,nan,nan,nan,nan,0.0,0.0,0.0,0.0,0.0,0.0
nan,nan,3.6140377233095933e-06,0.00014226761413738132,3.6140377233095933e-06,0.00014226761413738132,nan,nan,nan,nan,0.0,0.0,0.0,0.0,0.0,0.0
nan,nan,4.058177182741929e-06,0.0001426711241947487,4.058177182741929e-06,0.0001426711241947487,nan,nan,nan,nan,0.0,0.0,0.0,0.0,0.0,0.0
nan,nan,3.5170457977073966e-06,0.0001417019811924547,3.5170457977073966e-06,0.0001417019811924547,nan,nan,nan,nan,0.0,0.0,0.0,0.0,0.0,0.0
nan,nan,3.922489213437075e-06,0.00013932021101936698,3.922489213437075e-06,0.00013932021101936698,nan,nan,nan,nan,0.0,0.0,0.0,0.0,0.0,0.0
nan,nan,3.978717813879484e-06,0.0001401214103680104,3.978717813879484e-06,0.0001401214103680104,nan,nan,nan,nan,0.0,0.0,0.0,0.0,0.0,0.0
nan,nan,3.558041044016136e-06,0.00013602463877759874,3.558041044016136e-06,0.00013602463877759874,nan,nan,nan,nan,0.0,0.0,0.0,0.0,0.0,0.0
nan,nan,3.5941225178248715e-06,0.00013454403961077332,3.5941225178248715e-06,0.00013454403961077332,nan,nan,nan,nan,0.0,0.0,0.0,0.0,0.0,0.0
nan,nan,3.7565505408565514e-06,0.00013448367826640606,3.7565505408565514e-06,0.00013448367826640606,nan,nan,nan,nan,0.0,0.0,0.0,0.0,0.0,0.0
nan,nan,3.559300012057065e-06,0.00013181993563193828,3.559300012057065e-06,0.00013181993563193828,nan,nan,nan,nan,0.0,0.0,0.0,0.0,0.0,0.0
nan,nan,3.6436301797948545e-06,0.00013031040725763887,3.6436301797948545e-06,0.00013031040725763887,nan,nan,nan,nan,0.0,0.0,0.0,0.0,0.0,0.0
nan,nan,3.732925506483298e-06,0.00012708842405118048,3.732925506483298e-06,0.00012708842405118048,nan,nan,nan,nan,0.0,0.0,0.0,0.0,0.0,0.0
nan,nan,3.7617000998579897e-06,0.0001239647390320897,3.7617000998579897e-06,0.0001239647390320897,nan,nan,nan,nan,0.0,0.0,0.0,0.0,0.0,0.0
nan,nan,3.7286727092578076e-06,0.000121942168334499,3.7286727092578076e-06,0.000121942168334499,nan,nan,nan,nan,0.0,0.0,0.0,0.0,0.0,0.0
nan,nan,3.6978224215999944e-06,0.0001184892316814512,3.6978224215999944e-06,0.0001184892316814512,nan,nan,nan,nan,0.0,0.0,0.0,0.0,0.0,0.0
nan,nan,3.873054538416909e-06,0.00011919436656171456,3.873054538416909e-06,0.00011919436656171456,nan,nan,nan,nan,0.0,0.0,0.0,0.0,0.0,0.0
nan,nan,3.87804129786673e-06,0.00011934913345612586,3.87804129786673e-06,0.00011934913345612586,nan,nan,nan,nan,0.0,0.0,0.0,0.0,0.0,0.0
nan,nan,3.8722396311641205e-06,0.00011469822493381798,3.8722396311641205e-06,0.00011469822493381798,nan,nan,nan,nan,0.0,0.0,0.0,0.0,0.0,0.0
nan,nan,4.07651214118232e-06,0.00012121324107283726,4.07651214118232e-06,0.00012121324107283726,nan,nan,nan,nan,0.0,0.0,0.0,0.0,0.0,0.0
nan,nan,4.000255557912169e-06,0.00012133775453548878,4.000255557912169e-06,0.00012133775453548878,nan,nan,nan,nan,0.0,0.0,0.0,0.0,0.0,0.0
nan,nan,3.93381878893706e-06,0.00012042040179949254,3.93381878893706e-06,0.00012042040179949254,nan,nan,nan,nan,0.0,0.0,0.0,0.0,0.0,0.0
nan,nan,4.123615326534491e-06,0.00012179193436168134,4.123615326534491e-06,0.00012179193436168134,nan,nan,nan,nan,0.0,0.0,0.0,0.0,0.0,0.0
nan,nan,4.058792910655029e-06,0.00012293831969145685,4.058792910655029e-06,0.00012293831969145685,nan,nan,nan,nan,0.0,0.0,0.0,0.0,0.0,0.0
nan,nan,4.181399162916932e-06,0.00012736300413962454,4.181399162916932e-06,0.00012736300413962454,nan,nan,nan,nan,0.0,0.0,0.0,0.0,0.0,0.0
nan,nan,4.175492449576268e-06,0.00012640406202990562,4.175492449576268e-06,0.00012640406202990562,nan,nan,nan,nan,0.0,0.0,0.0,0.0,0.0,0.0
nan,nan,4.11321116189356e-06,0.00012811360647901893,4.11321116189356e-06,0.00012811360647901893,nan,nan,nan,nan,0.0,0.0,0.0,0.0,0.0,0.0
nan,nan,4.328684099164093e-06,0.00013086356921121478,4.328684099164093e-06,0.00013086356921121478,nan,nan,nan,nan,0.0,0.0,0.0,0.0,0.0,0.0
nan,nan,4.33910645369906e-06,0.0001287292834604159,4.33910645369906e-06,0.0001287292834604159,nan,nan,nan,nan,0.0,0.0,0.0,0.0,0.0,0.0
nan,nan,4.368119789432967e-06,0.00012962981418240815,4.368119789432967e-06,0.00012962981418240815,nan,nan,nan,nan,0.0,0.0,0.0,0.0,0.0,0.0
nan,nan,4.469130999495974e-06,0.00012887135380879045,4.469130999495974e-06,0.00012887135380879045,nan,nan,nan,nan,0.0,0.0,0.0,0.0,0.0,0.0
nan,nan,4.428509782883339e-06,0.000129156862385571,4.428509782883339e-06,0.000129156862385571,nan,nan,nan,nan,0.0,0.0,0.0,0.0,0.0,0.0
nan,nan,4.4582739064935595e-06,0.00012708929716609418,4.4582739064935595e-06,0.00012708929716609418,nan,nan,nan,nan,0.0,0.0,0.0,0.0,0.0,0.0
nan,nan,4.3507830014277715e-06,0.00012639306078199297,4.3507830014277715e-06,0.00012639306078199297,nan,nan,nan,nan,0.0,0.0,0.0,0.0,0.0,0.0
nan,nan,4.298555268178461e-06,0.00012018966663163155,4.298555268178461e-06,0.00012018966663163155,nan,nan,nan,nan,0.0,0.0,0.0,0.0,0.0,0.0
nan,nan,4.347672074800357e-06,0.00012188653636258096,4.347672074800357e-06,0.00012188653636258096,nan,nan,nan,nan,0.0,0.0,0.0,0.0,0.0,0.0
nan,nan,4.296063707442954e-06,0.00012017553672194481,4.296063707442954e-06,0.00012017553672194481,nan,nan,nan,nan,0.0,0.0,0.0,0.0,0.0,0.0
nan,nan,4.1844305087579414e-06,0.00011994964734185487,4.1844305087579414e-06,0.00011994964734185487,nan,nan,nan,nan,0.0,0.0,0.0,0.0,0.0,0.0
nan,nan,4.179082225164166e-06,0.00012175546726211905,4.179082225164166e-06,0.00012175546726211905,nan,nan,nan,nan,0.0,0.0,0.0,0.0,0.0,0.0
nan,nan,4.0979070945468266e-06,0.00011896316573256627,4.0979070945468266e-06,0.00011896316573256627,nan,nan,nan,nan,0.0,0.0,0.0,0.0,0.0,0.0
nan,nan,4.067770987603581e-06,0.00011735817679436877,4.067770987603581e-06,0.00011735817679436877,nan,nan,nan,nan,0.0,0.0,0.0,0.0,0.0,0.0
nan,nan,4.066494511789642e-06,0.00011636666749836877,4.066494511789642e-06,0.00011636666749836877,nan,nan,nan,nan,0.0,0.0,0.0,0.0,0.0,0.0
nan,nan,4.098822955711512e-06,0.00011618687130976468,4.098822955711512e-06,0.00011618687130976468,nan,nan,nan,nan,0.0,0.0,0.0,0.0,0.0,0.0
nan,nan,4.008303221780807e-06,0.00011658422590699047,4.008303221780807e-06,0.00011658422590699047,nan,nan,nan,nan,0.0,0.0,0.0,0.0,0.0,0.0
nan,nan,4.0823547351465095e-06,0.00011568706395337358,4.0823547351465095e-06,0.00011568706395337358,nan,nan,nan,nan,0.0,0.0,0.0,0.0,0.0,0.0
nan,nan,4.122313839616254e-06,0.00011536646343301982,4.122313839616254e-06,0.00011536646343301982,nan,nan,nan,nan,0.0,0.0,0.0,0.0,0.0,0.0
nan,nan,4.056116267747711e-06,0.00011473413906060159,4.056116267747711e-06,0.00011473413906060159,nan,nan,nan,nan,0.0,0.0,0.0,0.0,0.0,0.0
nan,nan,4.10524990002159e-06,0.00011509007890708745,4.10524990002159e-06,0.00011509007890708745,nan,nan,nan,nan,0.0,0.0,0.0,0.0,0.0,0.0
nan,nan,4.092487415618962e-06,0.00011519405961735174,4.092487415618962e-06,0.00011519405961735174,nan,nan,nan,nan,0.0,0.0,0.0,0.0,0.0,0.0
nan,nan,4.098410954611609e-06,0.00011717113375198096,4.098410954611609e-06,0.00011717113375198096,nan,nan,nan,nan,0.0,0.0,0.0,0.0,0.0,0.0
nan,nan,4.2303631744289305e-06,0.00011392384476494044,4.2303631744289305e-06,0.00011392384476494044,nan,nan,nan,nan,0.0,0.0,0.0,0.0,0.0,0.0
nan,nan,4.134265054744901e-06,0.0001136352148023434,4.134265054744901e-06,0.0001136352148023434,nan,nan,nan,nan,0.0,0.0,0.0,0.0,0.0,0.0
nan,nan,4.302130946598481e-06,0.00011960929987253621,4.302130946598481e-06,0.00011960929987253621,nan,nan,nan,nan,0.0,0.0,0.0,0.0,0.0,0.0
nan,nan,4.231097591400612e-06,0.0001169776514871046,4.231097591400612e-06,0.0001169776514871046,nan,nan,nan,nan,0.0,0.0,0.0,0.0,0.0,0.0
nan,nan,4.175186404609121e-06,0.00011452516628196463,4.175186404609121e-06,0.00011452516628196463,nan,nan,nan,nan,0.0,0.0,0.0,0.0,0.0,0.0
nan,nan,4.2608994590409566e-06,0.00011870906018884853,4.2608994590409566e-06,0.00011870906018884853,nan,nan,nan,nan,0.0,0.0,0.0,0.0,0.0,0.0
nan,nan,4.178230483375955e-06,0.00011912351328646764,4.178230483375955e-06,0.00011912351328646764,nan,nan,nan,nan,0.0,0.0,0.0,0.0,0.0,0.0
nan,nan,4.156456725468161e-06,0.00011700415052473545,4.156456725468161e-06,0.00011700415052473545,nan,nan,nan,nan,0.0,0.0,0.0,0.0,0.0,0.0
nan,nan,4.228659236105159e-06,0.00011815925972769037,4.228659236105159e-06,0.00011815925972769037,nan,nan,nan,nan,0.0,0.0,0.0,0.0,0.0,0.0
nan,nan,4.10906659453758e-06,0.00011596860713325441,4.10906659453758e-06,0.00011596860713325441,nan,nan,nan,nan,0.0,0.0,0.0,0.0,0.0,0.0
nan,nan,4.100308160559507e-06,0.00011239494779147208,4.100308160559507e-06,0.00011239494779147208,nan,nan,nan,nan,0.0,0.0,0.0,0.0,0.0,0.0
nan,nan,4.110286226932658e-06,0.00010916704923147336,4.110286226932658e-06,0.00010916704923147336,nan,nan,nan,nan,0.0,0.0,0.0,0.0,0.0,0.0
nan,nan,4.079784048371948e-06,0.00010889247641898692,4.079784048371948e-06,0.00010889247641898692,nan,nan,nan,nan,0.0,0.0,0.0,0.0,0.0,0.0
nan,nan,4.047347374580568e-06,0.00011458307562861592,4.047347374580568e-06,0.00011458307562861592,nan,nan,nan,nan,0.0,0.0,0.0,0.0,0.0,0.0
nan,nan,3.930492312065326e-06,0.00011392006854293868,3.930492312065326e-06,0.00011392006854293868,nan,nan,nan,nan,0.0,0.0,0.0,0.0,0.0,0.0
nan,nan,3.984138402302051e-06,0.00011314947914797813,3.984138402302051e-06,0.00011314947914797813,nan,nan,nan,nan,0.0,0.0,0.0,0.0,0.0,0.0
nan,nan,3.95443066736334e-06,0.00011680550960591063,3.95443066736334e-06,0.00011680550960591063,nan,nan,nan,nan,0.0,0.0,0.0,0.0,0.0,0.0
nan,nan,3.8486441553686745e-06,0.00011358564370311797,3.8486441553686745e-06,0.00011358564370311797,nan,nan,nan,nan,0.0,0.0,0.0,0.0,0.0,0.0
nan,nan,3.910342911694897e-06,0.00011571509821806103,3.910342911694897e-06,0.00011571509821806103,nan,nan,nan,nan,0.0,0.0,0.0,0.0,0.0,0.0
nan,nan,4.029215688206023e-06,0.00011776802421081811,4.029215688206023e-06,0.00011776802421081811,nan,nan,nan,nan,0.0,0.0,0.0,0.0,0.0,0.0
nan,nan,4.048837581649423e-06,0.00011956386879319325,4.048837581649423e-06,0.00011956386879319325,nan,nan,nan,nan,0.0,0.0,0.0,0.0,0.0,0.0
nan,nan,4.082148279849207e-06,0.00012245004472788423,4.082148279849207e-06,0.00012245004472788423,nan,nan,nan,nan,0.0,0.0,0.0,0.0,0.0,0.0
nan,nan,4.171383807261009e-06,0.0001264515012735501,4.171383807261009e-06,0.0001264515012735501,nan,nan,nan,nan,0.0,0.0,0.0,0.0,0.0,0.0
nan,nan,4.210624410916353e-06,0.00013192165351938456,4.210624410916353e-06,0.00013192165351938456,nan,nan,nan,nan,0.0,0.0,0.0,0.0,0.0,0.0
nan,nan,4.167449333181139e-06,0.00013266158930491656,4.167449333181139e-06,0.00013266158930491656,nan,nan,nan,nan,0.0,0.0,0.0,0.0,0.0,0.0
nan,nan,4.224257281748578e-06,0.00013318879064172506,4.224257281748578e-06,0.00013318879064172506,nan,nan,nan,nan,0.0,0.0,0.0,0.0,0.0,0.0
nan,nan,4.353784788690973e-06,0.0001338146103080362,4.353784788690973e-06,0.0001338146103080362,nan,nan,nan,nan,0.0,0.0,0.0,0.0,0.0,0.0
nan,nan,4.393213203002233e-06,0.00013357543502934277,4.393213203002233e-06,0.00013357543502934277,nan,nan,nan,nan,0.0,0.0,0.0,0.0,0.0,0.0
nan,nan,4.393470590002835e-06,0.0001310873485635966,4.393470590002835e-06,0.0001310873485635966,nan,nan,nan,nan,0.0,0.0,0.0,0.0,0.0,0.0
nan,nan,4.329176135797752e-06,0.00012794036592822522,4.329176135797752e-06,0.00012794036592822522,nan,nan,nan,nan,0.0,0.0,0.0,0.0,0.0,0.0
nan,nan,4.4181324483361095e-06,0.0001294912799494341,4.4181324483361095e-06,0.0001294912799494341,nan,nan,nan,nan,0.0,0.0,0.0,0.0,0.0,0.0
nan,nan,4.356950285000494e-06,0.00012830154446419328,4.356950285000494e-06,0.00012830154446419328,nan,nan,nan,nan,0.0,0.0,0.0,0.0,0.0,0.0
nan,nan,4.219842594466172e-06,0.0001274632813874632,4.219842594466172e-06,0.0001274632813874632,nan,nan,nan,nan,0.0,0.0,0.0,0.0,0.0,0.0
nan,nan,4.109875590074807e-06,0.0001273360539926216,4.109875590074807e-06,0.0001273360539926216,nan,nan,nan,nan,0.0,0.0,0.0,0.0,0.0,0.0
nan,nan,4.1100797716353554e-06,0.00012686998525168747,4.1100797716353554e-06,0.00012686998525168747,nan,nan,nan,nan,0.0,0.0,0.0,0.0,0.0,0.0
nan,nan,4.170376541878795e-06,0.00012778326345141977,4.170376541878795e-06,0.00012778326345141977,nan,nan,nan,nan,0.0,0.0,0.0,0.0,0.0,0.0
nan,nan,3.898685463354923e-06,0.00012859994603786618,3.898685463354923e-06,0.00012859994603786618,nan,nan,nan,nan,0.0,0.0,0.0,0.0,0.0,0.0
nan,nan,3.795553084273706e-06,0.0001280768628930673,3.795553084273706e-06,0.0001280768628930673,nan,nan,nan,nan,0.0,0.0,0.0,0.0,0.0,0.0
nan,nan,3.936464054277167e-06,0.00013323476014193147,3.936464054277167e-06,0.00013323476014193147,nan,nan,nan,nan,0.0,0.0,0.0,0.0,0.0,0.0
nan,nan,3.8165658224897925e-06,0.0001300222793361172,3.8165658224897925e-06,0.0001300222793361172,nan,nan,nan,nan,0.0,0.0,0.0,0.0,0.0,0.0
nan,nan,3.907131940650288e-06,0.00013306140317581594,3.907131940650288e-06,0.00013306140317581594,nan,nan,nan,nan,0.0,0.0,0.0,0.0,0.0,0.0
nan,nan,3.921476491086651e-06,0.00013730987848248333,3.921476491086651e-06,0.00013730987848248333,nan,nan,nan,nan,0.0,0.0,0.0,0.0,0.0,0.0
nan,nan,3.959938112529926e-06,0.00013134823529981077,3.959938112529926e-06,0.00013134823529981077,nan,nan,nan,nan,0.0,0.0,0.0,0.0,0.0,0.0
nan,nan,3.9033770917740185e-06,0.00013285850582178682,3.9033770917740185e-06,0.00013285850582178682,nan,nan,nan,nan,0.0,0.0,0.0,0.0,0.0,0.0
nan,nan,3.937079327442916e-06,0.00013875227887183428,3.937079327442916e-06,0.00013875227887183428,nan,nan,nan,nan,0.0,0.0,0.0,0.0,0.0,0.0
nan,nan,3.92527726944536e-06,0.00013774566468782723,3.92527726944536e-06,0.00013774566468782723,nan,nan,nan,nan,0.0,0.0,0.0,0.0,0.0,0.0
nan,nan,3.950376139982836e-06,0.0001384048373438418,3.950376139982836e-06,0.0001384048373438418,nan,nan,nan,nan,0.0,0.0,0.0,0.0,0.0,0.0
nan,nan,4.021036602352979e-06,0.00013916841999161988,4.021036602352979e-06,0.00013916841999161988,nan,nan,nan,nan,0.0,0.0,0.0,0.0,0.0,0.0
nan,nan,4.126258772885194e-06,0.00013996503548696637,4.126258772885194e-06,0.00013996503548696637,nan,nan,nan,nan,0.0,0.0,0.0,0.0,0.0,0.0
nan,nan,4.1876787690853234e-06,0.0001412106357747689,4.1876787690853234e-06,0.0001412106357747689,nan,nan,nan,nan,0.0,0.0,0.0,0.0,0.0,0.0
nan,nan,4.1617040551500395e-06,0.0001388528326060623,4.1617040551500395e-06,0.0001388528326060623,nan,nan,nan,nan,0.0,0.0,0.0,0.0,0.0,0.0
nan,nan,4.3943491618847474e-06,0.00014179198478814214,4.3943491618847474e-06,0.00014179198478814214,nan,nan,nan,nan,0.0,0.0,0.0,0.0,0.0,0.0
nan,nan,4.370710939838318e-06,0.0001415794249624014,4.370710939838318e-06,0.0001415794249624014,nan,nan,nan,nan,0.0,0.0,0.0,0.0,0.0,0.0
nan,nan,4.3896147872146685e-06,0.00014365007518790662,4.3896147872146685e-06,0.00014365007518790662,nan,nan,nan,nan,0.0,0.0,0.0,0.0,0.0,0.0
nan,nan,4.380536211101571e-06,0.00014108867617323995,4.380536211101571e-06,0.00014108867617323995,nan,nan,nan,nan,0.0,0.0,0.0,0.0,0.0,0.0
nan,nan,4.340502982813632e-06,0.00014071579789742827,4.340502982813632e-06,0.00014071579789742827,nan,nan,nan,nan,0.0,0.0,0.0,0.0,0.0,0.0
nan,nan,4.281821475160541e-06,0.00014086422743275762,4.281821475160541e-06,0.00014086422743275762,nan,nan,nan,nan,0.0,0.0,0.0,0.0,0.0,0.0
nan,nan,4.473233275348321e-06,0.0001371801336063072,4.473233275348321e-06,0.0001371801336063072,nan,nan,nan,nan,0.0,0.0,0.0,0.0,0.0,0.0
nan,nan,4.474721663427772e-06,0.0001406278897775337,4.474721663427772e-06,0.0001406278897775337,nan,nan,nan,nan,0.0,0.0,0.0,0.0,0.0,0.0
nan,nan,4.449678726814454e-06,0.0001358179870294407,4.449678726814454e-06,0.0001358179870294407,nan,nan,nan,nan,0.0,0.0,0.0,0.0,0.0,0.0
nan,nan,4.518895366345532e-06,0.0001386969961458817,4.518895366345532e-06,0.0001386969961458817,nan,nan,nan,nan,0.0,0.0,0.0,0.0,0.0,0.0
nan,nan,4.580303084367188e-06,0.0001325749180978164,4.580303084367188e-06,0.0001325749180978164,nan,nan,nan,nan,0.0,0.0,0.0,0.0,0.0,0.0
nan,nan,4.6425866457866505e-06,0.00013282400323078036,4.6425866457866505e-06,0.00013282400323078036,nan,nan,nan,nan,0.0,0.0,0.0,0.0,0.0,0.0
nan,nan,4.639299277187092e-06,0.00012772851914633065,4.639299277187092e-06,0.00012772851914633065,nan,nan,nan,nan,0.0,0.0,0.0,0.0,0.0,0.0
nan,nan,4.57154737887322e-06,0.00011866445856867358,4.57154737887322e-06,0.00011866445856867358,nan,nan,nan,nan,0.0,0.0,0.0,0.0,0.0,0.0
nan,nan,4.65965376861277e-06,0.00012244605750311166,4.65965376861277e-06,0.00012244605750311166,nan,nan,nan,nan,0.0,0.0,0.0,0.0,0.0,0.0
nan,nan,4.568835265672533e-06,0.0001255889656022191,4.568835265672533e-06,0.0001255889656022191,nan,nan,nan,nan,0.0,0.0,0.0,0.0,0.0,0.0
nan,nan,4.486728812480578e-06,0.00012372828496154398,4.486728812480578e-06,0.00012372828496154398,nan,nan,nan,nan,0.0,0.0,0.0,0.0,0.0,0.0
nan,nan,4.557487045531161e-06,0.00012522349425125867,4.557487045531161e-06,0.00012522349425125867,nan,nan,nan,nan,0.0,0.0,0.0,0.0,0.0,0.0
nan,nan,4.559900389722316e-06,0.00012936373241245747,4.559900389722316e-06,0.00012936373241245747,nan,nan,nan,nan,0.0,0.0,0.0,0.0,0.0,0.0
nan,nan,4.453360361367231e-06,0.00012475236144382507,4.453360361367231e-06,0.00012475236144382507,nan,nan,nan,nan,0.0,0.0,0.0,0.0,0.0,0.0
nan,nan,4.381430244393414e-06,0.0001259474374819547,4.381430244393414e-06,0.0001259474374819547,nan,nan,nan,nan,0.0,0.0,0.0,0.0,0.0,0.0
nan,nan,4.484998044063104e-06,0.00012361063272692263,4.484998044063104e-06,0.00012361063272692263,nan,nan,nan,nan,0.0,0.0,0.0,0.0,0.0,0.0
nan,nan,4.459048341232119e-06,0.00012376689119264483,4.459048341232119e-06,0.00012376689119264483,nan,nan,nan,nan,0.0,0.0,0.0,0.0,0.0,0.0
nan,nan,4.369202997622779e-06,0.00012406473979353905,4.369202997622779e-06,0.00012406473979353905,nan,nan,nan,nan,0.0,0.0,0.0,0.0,0.0,0.0
nan,nan,4.43042927145143e-06,0.00012097751459805295,4.43042927145143e-06,0.00012097751459805295,nan,nan,nan,nan,0.0,0.0,0.0,0.0,0.0,0.0
nan,nan,4.4684311433229595e-06,0.00012357004743535072,4.4684311433229595e-06,0.00012357004743535072,nan,nan,nan,nan,0.0,0.0,0.0,0.0,0.0,0.0
nan,nan,4.411245299706934e-06,0.0001239105622516945,4.411245299706934e-06,0.0001239105622516945,nan,nan,nan,nan,0.0,0.0,0.0,0.0,0.0,0.0
nan,nan,4.342202828411246e-06,0.00012159310426795855,4.342202828411246e-06,0.00012159310426795855,nan,nan,nan,nan,0.0,0.0,0.0,0.0,0.0,0.0
nan,nan,4.443827492650598e-06,0.00012480365694500506,4.443827492650598e-06,0.00012480365694500506,nan,nan,nan,nan,0.0,0.0,0.0,0.0,0.0,0.0
nan,nan,4.379649908514693e-06,0.00012312302715145051,4.379649908514693e-06,0.00012312302715145051,nan,nan,nan,nan,0.0,0.0,0.0,0.0,0.0,0.0
nan,nan,4.379426627565408e-06,0.000125039296108298,4.379426627565408e-06,0.000125039296108298,nan,nan,nan,nan,0.0,0.0,0.0,0.0,0.0,0.0
nan,nan,4.404535957291955e-06,0.00012548392987810075,4.404535957291955e-06,0.00012548392987810075,nan,nan,nan,nan,0.0,0.0,0.0,0.0,0.0,0.0
nan,nan,4.379341589810792e-06,0.00011946925224037841,4.379341589810792e-06,0.00011946925224037841,nan,nan,nan,nan,0.0,0.0,0.0,0.0,0.0,0.0
nan,nan,4.333507604314946e-06,0.00011976958194281906,4.333507604314946e-06,0.00011976958194281906,nan,nan,nan,nan,0.0,0.0,0.0,0.0,0.0,0.0
nan,nan,4.326412636146415e-06,0.00012028826313326135,4.326412636146415e-06,0.00012028826313326135,nan,nan,nan,nan,0.0,0.0,0.0,0.0,0.0,0.0
nan,nan,4.1880352910084184e-06,0.00012283962860237807,4.1880352910084184e-06,0.00012283962860237807,nan,nan,nan,nan,0.0,0.0,0.0,0.0,0.0,0.0
nan,nan,4.155818260187516e-06,0.0001246344472747296,4.155818260187516e-06,0.0001246344472747296,nan,nan,nan,nan,0.0,0.0,0.0,0.0,0.0,0.0
nan,nan,4.115051069675246e-06,0.00011678589362418279,4.115051069675246e-06,0.00011678589362418279,nan,nan,nan,nan,0.0,0.0,0.0,0.0,0.0,0.0
nan,nan,4.048659320687875e-06,0.00011948223254876211,4.048659320687875e-06,0.00011948223254876211,nan,nan,nan,nan,0.0,0.0,0.0,0.0,0.0,0.0
nan,nan,4.1492958189337514e-06,0.00012001505092484877,4.1492958189337514e-06,0.00012001505092484877,nan,nan,nan,nan,0.0,0.0,0.0,0.0,0.0,0.0
nan,nan,4.110392637812765e-06,0.00011976345558650792,4.110392637812765e-06,0.00011976345558650792,nan,nan,nan,nan,0.0,0.0,0.0,0.0,0.0,0.0
nan,nan,4.123238795727957e-06,0.00012276388588361442,4.123238795727957e-06,0.00012276388588361442,nan,nan,nan,nan,0.0,0.0,0.0,0.0,0.0,0.0
nan,nan,4.2156634663115256e-06,0.00012410758063197136,4.2156634663115256e-06,0.00012410758063197136,nan,nan,nan,nan,0.0,0.0,0.0,0.0,0.0,0.0
nan,nan,4.235394953866489e-06,0.00012904260074719787,4.235394953866489e-06,0.00012904260074719787,nan,nan,nan,nan,0.0,0.0,0.0,0.0,0.0,0.0
nan,nan,4.463719506020425e-06,0.0001256046089110896,4.463719506020425e-06,0.0001256046089110896,nan,nan,nan,nan,0.0,0.0,0.0,0.0,0.0,0.0
nan,nan,4.432662990438985e-06,0.00012714478361885995,4.432662990438985e-06,0.00012714478361885995,nan,nan,nan,nan,0.0,0.0,0.0,0.0,0.0,0.0
nan,nan,4.440718839759938e-06,0.00013095000758767128,4.440718839759938e-06,0.00013095000758767128,nan,nan,nan,nan,0.0,0.0,0.0,0.0,0.0,0.0
nan,nan,4.459460797079373e-06,0.00013303192099556327,4.459460797079373e-06,0.00013303192099556327,nan,nan,nan,nan,0.0,0.0,0.0,0.0,0.0,0.0
nan,nan,4.4826024350186344e-06,0.00013065902749076486,4.4826024350186344e-06,0.00013065902749076486,nan,nan,nan,nan,0.0,0.0,0.0,0.0,0.0,0.0
nan,nan,4.540721420198679e-06,0.00013139331713318825,4.540721420198679e-06,0.00013139331713318825,nan,nan,nan,nan,0.0,0.0,0.0,0.0,0.0,0.0
nan,nan,4.624709163181251e-06,0.00013290545030031353,4.624709163181251e-06,0.00013290545030031353,nan,nan,nan,nan,0.0,0.0,0.0,0.0,0.0,0.0
nan,nan,4.521369191934355e-06,0.00013327834312804043,4.521369191934355e-06,0.00013327834312804043,nan,nan,nan,nan,0.0,0.0,0.0,0.0,0.0,0.0
nan,nan,4.611807526089251e-06,0.00013930650311522186,4.611807526089251e-06,0.00013930650311522186,nan,nan,nan,nan,0.0,0.0,0.0,0.0,0.0,0.0
nan,nan,4.5596043491968885e-06,0.00013936257164459676,4.5596043491968885e-06,0.00013936257164459676,nan,nan,nan,nan,0.0,0.0,0.0,0.0,0.0,0.0
nan,nan,4.405254458106356e-06,0.00014043162809684873,4.405254458106356e-06,0.00014043162809684873,nan,nan,nan,nan,0.0,0.0,0.0,0.0,0.0,0.0
nan,nan,4.515968612395227e-06,0.00013578601647168398,4.515968612395227e-06,0.00013578601647168398,nan,nan,nan,nan,0.0,0.0,0.0,0.0,0.0,0.0
nan,nan,4.4180324039189145e-06,0.0001363531919196248,4.4180324039189145e-06,0.0001363531919196248,nan,nan,nan,nan,0.0,0.0,0.0,0.0,0.0,0.0
nan,nan,4.433959929883713e-06,0.00013433535059448332,4.433959929883713e-06,0.00013433535059448332,nan,nan,nan,nan,0.0,0.0,0.0,0.0,0.0,0.0
nan,nan,4.41014026364428e-06,0.00013161137758288532,4.41014026364428e-06,0.00013161137758288532,nan,nan,nan,nan,0.0,0.0,0.0,0.0,0.0,0.0
nan,nan,4.498725957091665e-06,0.00012782173871528357,4.498725957091665e-06,0.00012782173871528357,nan,nan,nan,nan,0.0,0.0,0.0,0.0,0.0,0.0
nan,nan,4.490513219934655e-06,0.00012927837087772787,4.490513219934655e-06,0.00012927837087772787,nan,nan,nan,nan,0.0,0.0,0.0,0.0,0.0,0.0
nan,nan,4.390545200294582e-06,0.00012888055061921477,4.390545200294582e-06,0.00012888055061921477,nan,nan,nan,nan,0.0,0.0,0.0,0.0,0.0,0.0
nan,nan,4.36748496213113e-06,0.00012921799498144537,4.36748496213113e-06,0.00012921799498144537,nan,nan,nan,nan,0.0,0.0,0.0,0.0,0.0,0.0
nan,nan,4.373750016384292e-06,0.00013292462972458452,4.373750016384292e-06,0.00013292462972458452,nan,nan,nan,nan,0.0,0.0,0.0,0.0,0.0,0.0
nan,nan,4.333483047957998e-06,0.00013358992873691022,4.333483047957998e-06,0.00013358992873691022,nan,nan,nan,nan,0.0,0.0,0.0,0.0,0.0,0.0
nan,nan,4.3072695916634984e-06,0.0001356262364424765,4.3072695916634984e-06,0.0001356262364424765,nan,nan,nan,nan,0.0,0.0,0.0,0.0,0.0,0.0
nan,nan,4.383206942293327e-06,0.00014057810767553747,4.383206942293327e-06,0.00014057810767553747,nan,nan,nan,nan,0.0,0.0,0.0,0.0,0.0,0.0
nan,nan,4.340163741289871e-06,0.0001414287107763812,4.340163741289871e-06,0.0001414287107763812,nan,nan,nan,nan,0.0,0.0,0.0,0.0,0.0,0.0
nan,nan,4.429985892784316e-06,0.00013943301746621728,4.429985892784316e-06,0.00013943301746621728,nan,nan,nan,nan,0.0,0.0,0.0,0.0,0.0,0.0
nan,nan,4.494428139878437e-06,0.00013840518658980727,4.494428139878437e-06,0.00013840518658980727,nan,nan,nan,nan,0.0,0.0,0.0,0.0,0.0,0.0
nan,nan,4.67522795588593e-06,0.0001403755450155586,4.67522795588593e-06,0.0001403755450155586,nan,nan,nan,nan,0.0,0.0,0.0,0.0,0.0,0.0
nan,nan,4.6930053940741345e-06,0.0001424347428837791,4.6930053940741345e-06,0.0001424347428837791,nan,nan,nan,nan,0.0,0.0,0.0,0.0,0.0,0.0
nan,nan,4.622177129931515e-06,0.00014326191740110517,4.622177129931515e-06,0.00014326191740110517,nan,nan,nan,nan,0.0,0.0,0.0,0.0,0.0,0.0
nan,nan,4.650443770515267e-06,0.0001443253131583333,4.650443770515267e-06,0.0001443253131583333,nan,nan,nan,nan,0.0,0.0,0.0,0.0,0.0,0.0
nan,nan,4.642769908969058e-06,0.00014624654431827366,4.642769908969058e-06,0.00014624654431827366,nan,nan,nan,nan,0.0,0.0,0.0,0.0,0.0,0.0
nan,nan,4.49449134976021e-06,0.00014185317559167743,4.49449134976021e-06,0.00014185317559167743,nan,nan,nan,nan,0.0,0.0,0.0,0.0,0.0,0.0
nan,nan,4.495613211474847e-06,0.0001417732855770737,4.495613211474847e-06,0.0001417732855770737,nan,nan,nan,nan,0.0,0.0,0.0,0.0,0.0,0.0
nan,nan,4.536286724032834e-06,0.0001398620952386409,4.536286724032834e-06,0.0001398620952386409,nan,nan,nan,nan,0.0,0.0,0.0,0.0,0.0,0.0
nan,nan,4.525843905867077e-06,0.00013605215644929558,4.525843905867077e-06,0.00013605215644929558,nan,nan,nan,nan,0.0,0.0,0.0,0.0,0.0,0.0
nan,nan,4.4517614696815144e-06,0.00013143024989403784,4.4517614696815144e-06,0.00013143024989403784,nan,nan,nan,nan,0.0,0.0,0.0,0.0,0.0,0.0
nan,nan,4.493291271501221e-06,0.00013187265722081065,4.493291271501221e-06,0.00013187265722081065,nan,nan,nan,nan,0.0,0.0,0.0,0.0,0.0,0.0
nan,nan,4.415551302372478e-06,0.00013070068962406367,4.415551302372478e-06,0.00013070068962406367,nan,nan,nan,nan,0.0,0.0,0.0,0.0,0.0,0.0
nan,nan,4.329861440055538e-06,0.00012779023381881416,4.329861440055538e-06,0.00012779023381881416,nan,nan,nan,nan,0.0,0.0,0.0,0.0,0.0,0.0
nan,nan,4.354515567683848e-06,0.0001255890092579648,4.354515567683848e-06,0.0001255890092579648,nan,nan,nan,nan,0.0,0.0,0.0,0.0,0.0,0.0
nan,nan,4.375825483293738e-06,0.0001252025831490755,4.375825483293738e-06,0.0001252025831490755,nan,nan,nan,nan,0.0,0.0,0.0,0.0,0.0,0.0
nan,nan,4.393859398987843e-06,0.00012497385614551604,4.393859398987843e-06,0.00012497385614551604,nan,nan,nan,nan,0.0,0.0,0.0,0.0,0.0,0.0
nan,nan,4.246378011885099e-06,0.0001251041394425556,4.246378011885099e-06,0.0001251041394425556,nan,nan,nan,nan,0.0,0.0,0.0,0.0,0.0,0.0
nan,nan,4.246797743689967e-06,0.00012754969066008925,4.246797743689967e-06,0.00012754969066008925,nan,nan,nan,nan,0.0,0.0,0.0,0.0,0.0,0.0
nan,nan,4.2116585063922685e-06,0.0001290500513277948,4.2116585063922685e-06,0.0001290500513277948,nan,nan,nan,nan,0.0,0.0,0.0,0.0,0.0,0.0
nan,nan,4.217175501253223e-06,0.00012780178803950548,4.217175501253223e-06,0.00012780178803950548,nan,nan,nan,nan,0.0,0.0,0.0,0.0,0.0,0.0
nan,nan,4.345266916061519e-06,0.0001316722627962008,4.345266916061519e-06,0.0001316722627962008,nan,nan,nan,nan,0.0,0.0,0.0,0.0,0.0,0.0
nan,nan,4.306543360144133e-06,0.0001297940907534212,4.306543360144133e-06,0.0001297940907534212,nan,nan,nan,nan,0.0,0.0,0.0,0.0,0.0,0.0
nan,nan,4.411811460158788e-06,0.00012991283438168466,4.411811460158788e-06,0.00012991283438168466,nan,nan,nan,nan,0.0,0.0,0.0,0.0,0.0,0.0
nan,nan,4.417441232362762e-06,0.00012966983194928616,4.417441232362762e-06,0.00012966983194928616,nan,nan,nan,nan,0.0,0.0,0.0,0.0,0.0,0.0
nan,nan,4.439352323970525e-06,0.00012626498937606812,4.439352323970525e-06,0.00012626498937606812,nan,nan,nan,nan,0.0,0.0,0.0,0.0,0.0,0.0
nan,nan,4.46809781351476e-06,0.00012737410725094378,4.46809781351476e-06,0.00012737410725094378,nan,nan,nan,nan,0.0,0.0,0.0,0.0,0.0,0.0
nan,nan,4.487127171159955e-06,0.00012770932517014444,4.487127171159955e-06,0.00012770932517014444,nan,nan,nan,nan,0.0,0.0,0.0,0.0,0.0,0.0
nan,nan,4.480231837078463e-06,0.0001274885144084692,4.480231837078463e-06,0.0001274885144084692,nan,nan,nan,nan,0.0,0.0,0.0,0.0,0.0,0.0
nan,nan,4.456745955394581e-06,0.00012920331209897995,4.456745955394581e-06,0.00012920331209897995,nan,nan,nan,nan,0.0,0.0,0.0,0.0,0.0,0.0
nan,nan,4.475632522371598e-06,0.000129886029753834,4.475632522371598e-06,0.000129886029753834,nan,nan,nan,nan,0.0,0.0,0.0,0.0,0.0,0.0
nan,nan,4.3595910028670914e-06,0.000126315004308708,4.3595910028670914e-06,0.000126315004308708,nan,nan,nan,nan,0.0,0.0,0.0,0.0,0.0,0.0
nan,nan,4.325260306359269e-06,0.00012726055865641683,4.325260306359269e-06,0.00012726055865641683,nan,nan,nan,nan,0.0,0.0,0.0,0.0,0.0,0.0
nan,nan,4.388494289742084e-06,0.00013296460383571684,4.388494289742084e-06,0.00013296460383571684,nan,nan,nan,nan,0.0,0.0,0.0,0.0,0.0,0.0
nan,nan,4.297012310416903e-06,0.00013167427096050233,4.297012310416903e-06,0.00013167427096050233,nan,nan,nan,nan,0.0,0.0,0.0,0.0,0.0,0.0
nan,nan,4.242916929797502e-06,0.00013153230247553438,4.242916929797502e-06,0.00013153230247553438,nan,nan,nan,nan,0.0,0.0,0.0,0.0,0.0,0.0
nan,nan,4.259821253072005e-06,0.00013274478260427713,4.259821253072005e-06,0.00013274478260427713,nan,nan,nan,nan,0.0,0.0,0.0,0.0,0.0,0.0
nan,nan,4.2599062908266205e-06,0.00012943863112013787,4.2599062908266205e-06,0.00012943863112013787,nan,nan,nan,nan,0.0,0.0,0.0,0.0,0.0,0.0
nan,nan,4.166444796283031e-06,0.0001290186628466472,4.166444796283031e-06,0.0001290186628466472,nan,nan,nan,nan,0.0,0.0,0.0,0.0,0.0,0.0
nan,nan,4.176114543952281e-06,0.00012504885671660304,4.176114543952281e-06,0.00012504885671660304,nan,nan,nan,nan,0.0,0.0,0.0,0.0,0.0,0.0
nan,nan,4.149080268689431e-06,0.00012534367851912975,4.149080268689431e-06,0.00012534367851912975,nan,nan,nan,nan,0.0,0.0,0.0,0.0,0.0,0.0
nan,nan,4.226120836392511e-06,0.00012491665256675333,4.226120836392511e-06,0.00012491665256675333,nan,nan,nan,nan,0.0,0.0,0.0,0.0,0.0,0.0
nan,nan,4.067173449584516e-06,0.00012071084347553551,4.067173449584516e-06,0.00012071084347553551,nan,nan,nan,nan,0.0,0.0,0.0,0.0,0.0,0.0
nan,nan,4.0631530282553285e-06,0.00012169354886282235,4.0631530282553285e-06,0.00012169354886282235,nan,nan,nan,nan,0.0,0.0,0.0,0.0,0.0,0.0
nan,nan,4.111859198019374e-06,0.00012386558228172362,4.111859198019374e-06,0.00012386558228172362,nan,nan,nan,nan,0.0,0.0,0.0,0.0,0.0,0.0
nan,nan,3.96796849599923e-06,0.00012009587226202711,3.96796849599923e-06,0.00012009587226202711,nan,nan,nan,nan,0.0,0.0,0.0,0.0,0.0,0.0
nan,nan,4.068484940944472e-06,0.00012110606621718034,4.068484940944472e-06,0.00012110606621718034,nan,nan,nan,nan,0.0,0.0,0.0,0.0,0.0,0.0
nan,nan,4.106665073777549e-06,0.00012338416127022356,4.106665073777549e-06,0.00012338416127022356,nan,nan,nan,nan,0.0,0.0,0.0,0.0,0.0,0.0
nan,nan,4.0809209167491645e-06,0.00011984197772108018,4.0809209167491645e-06,0.00011984197772108018,nan,nan,nan,nan,0.0,0.0,0.0,0.0,0.0,0.0
nan,nan,4.126736712350976e-06,0.00012082460307283327,4.126736712350976e-06,0.00012082460307283327,nan,nan,nan,nan,0.0,0.0,0.0,0.0,0.0,0.0
nan,nan,4.099194939044537e-06,0.00012336949293967336,4.099194939044537e-06,0.00012336949293967336,nan,nan,nan,nan,0.0,0.0,0.0,0.0,0.0,0.0
nan,nan,4.017018454760546e-06,0.00012473174137994647,4.017018454760546e-06,0.00012473174137994647,nan,nan,nan,nan,0.0,0.0,0.0,0.0,0.0,0.0
nan,nan,3.976171683461871e-06,0.0001281238510273397,3.976171683461871e-06,0.0001281238510273397,nan,nan,nan,nan,0.0,0.0,0.0,0.0,0.0,0.0
nan,nan,4.007929419458378e-06,0.000129577107145451,4.007929419458378e-06,0.000129577107145451,nan,nan,nan,nan,0.0,0.0,0.0,0.0,0.0,0.0
nan,nan,4.022937901027035e-06,0.0001325787598034367,4.022937901027035e-06,0.0001325787598034367,nan,nan,nan,nan,0.0,0.0,0.0,0.0,0.0,0.0
nan,nan,4.004663878731662e-06,0.00013143641990609467,4.004663878731662e-06,0.00013143641990609467,nan,nan,nan,nan,0.0,0.0,0.0,0.0,0.0,0.0
nan,nan,3.935318545700284e-06,0.00012837852409575135,3.935318545700284e-06,0.00012837852409575135,nan,nan,nan,nan,0.0,0.0,0.0,0.0,0.0,0.0
nan,nan,3.953505256504286e-06,0.00012668104318436235,3.953505256504286e-06,0.00012668104318436235,nan,nan,nan,nan,0.0,0.0,0.0,0.0,0.0,0.0
nan,nan,4.027848717669258e-06,0.0001261548459297046,4.027848717669258e-06,0.0001261548459297046,nan,nan,nan,nan,0.0,0.0,0.0,0.0,0.0,0.0
nan,nan,3.970563739130739e-06,0.00012183727812953293,3.970563739130739e-06,0.00012183727812953293,nan,nan,nan,nan,0.0,0.0,0.0,0.0,0.0,0.0
nan,nan,3.8443067751359195e-06,0.00011816881306003779,3.8443067751359195e-06,0.00011816881306003779,nan,nan,nan,nan,0.0,0.0,0.0,0.0,0.0,0.0
nan,nan,3.815540821960894e-06,0.00011606997577473521,3.815540821960894e-06,0.00011606997577473521,nan,nan,nan,nan,0.0,0.0,0.0,0.0,0.0,0.0
nan,nan,3.7949607758491766e-06,0.00011368770356057212,3.7949607758491766e-06,0.00011368770356057212,nan,nan,nan,nan,0.0,0.0,0.0,0.0,0.0,0.0
nan,nan,3.826199190370971e-06,0.00011341658682795241,3.826199190370971e-06,0.00011341658682795241,nan,nan,nan,nan,0.0,0.0,0.0,0.0,0.0,0.0
nan,nan,3.856574039673433e-06,0.00011271118273725733,3.856574039673433e-06,0.00011271118273725733,nan,nan,nan,nan,0.0,0.0,0.0,0.0,0.0,0.0
nan,nan,3.832772563328035e-06,0.00010920765635091811,3.832772563328035e-06,0.00010920765635091811,nan,nan,nan,nan,0.0,0.0,0.0,0.0,0.0,0.0
nan,nan,3.980243945989059e-06,0.00011090785847045481,3.980243945989059e-06,0.00011090785847045481,nan,nan,nan,nan,0.0,0.0,0.0,0.0,0.0,0.0
nan,nan,3.84835948352702e-06,0.00010615933570079505,3.84835948352702e-06,0.00010615933570079505,nan,nan,nan,nan,0.0,0.0,0.0,0.0,0.0,0.0
nan,nan,3.918487436749274e-06,0.00010836370347533375,3.918487436749274e-06,0.00010836370347533375,nan,nan,nan,nan,0.0,0.0,0.0,0.0,0.0,0.0
nan,nan,3.943747287848964e-06,0.00010949347779387608,3.943747287848964e-06,0.00010949347779387608,nan,nan,nan,nan,0.0,0.0,0.0,0.0,0.0,0.0
nan,nan,3.8024754758225754e-06,0.00010555728658800945,3.8024754758225754e-06,0.00010555728658800945,nan,nan,nan,nan,0.0,0.0,0.0,0.0,0.0,0.0
nan,nan,3.903067408828065e-06,0.00010749893408501521,3.903067408828065e-06,0.00010749893408501521,nan,nan,nan,nan,0.0,0.0,0.0,0.0,0.0,0.0
nan,nan,3.8431330722232815e-06,0.00010956138430628926,3.8431330722232815e-06,0.00010956138430628926,nan,nan,nan,nan,0.0,0.0,0.0,0.0,0.0,0.0
nan,nan,3.737744691534317e-06,0.00011062745761591941,3.737744691534317e-06,0.00011062745761591941,nan,nan,nan,nan,0.0,0.0,0.0,0.0,0.0,0.0
nan,nan,3.7476552279258613e-06,0.00010932597069768235,3.7476552279258613e-06,0.00010932597069768235,nan,nan,nan,nan,0.0,0.0,0.0,0.0,0.0,0.0
nan,nan,3.695000259540393e-06,0.0001106170384446159,3.695000259540393e-06,0.0001106170384446159,nan,nan,nan,nan,0.0,0.0,0.0,0.0,0.0,0.0
nan,nan,3.7200277347437805e-06,0.00011100240953965113,3.7200277347437805e-06,0.00011100240953965113,nan,nan,nan,nan,0.0,0.0,0.0,0.0,0.0,0.0
nan,nan,3.6945803003618494e-06,0.00010847359226318076,3.6945803003618494e-06,0.00010847359226318076,nan,nan,nan,nan,0.0,0.0,0.0,0.0,0.0,0.0
nan,nan,3.6565909340424696e-06,0.00010938677587546408,3.6565909340424696e-06,0.00010938677587546408,nan,nan,nan,nan,0.0,0.0,0.0,0.0,0.0,0.0
nan,nan,3.6877595448459033e-06,0.00011255917343078181,3.6877595448459033e-06,0.00011255917343078181,nan,nan,nan,nan,0.0,0.0,0.0,0.0,0.0,0.0
nan,nan,3.7186887311690953e-06,0.00011084325524279848,3.7186887311690953e-06,0.00011084325524279848,nan,nan,nan,nan,0.0,0.0,0.0,0.0,0.0,0.0
nan,nan,3.7279899061104516e-06,0.0001099876026273705,3.7279899061104516e-06,0.0001099876026273705,nan,nan,nan,nan,0.0,0.0,0.0,0.0,0.0,0.0
nan,nan,3.7685156257794006e-06,0.00010928349365713075,3.7685156257794006e-06,0.00010928349365713075,nan,nan,nan,nan,0.0,0.0,0.0,0.0,0.0,0.0
nan,nan,3.7405889088404365e-06,0.00010749668581411242,3.7405889088404365e-06,0.00010749668581411242,nan,nan,nan,nan,0.0,0.0,0.0,0.0,0.0,0.0
nan,nan,3.707052883328288e-06,0.00010571241728030145,3.707052883328288e-06,0.00010571241728030145,nan,nan,nan,nan,0.0,0.0,0.0,0.0,0.0,0.0
nan,nan,3.7593968045257498e-06,0.00010674473742255941,3.7593968045257498e-06,0.00010674473742255941,nan,nan,nan,nan,0.0,0.0,0.0,0.0,0.0,0.0
nan,nan,3.760222853088635e-06,0.00011224615445826203,3.760222853088635e-06,0.00011224615445826203,nan,nan,nan,nan,0.0,0.0,0.0,0.0,0.0,0.0
nan,nan,3.7567933759419248e-06,0.00010844745702343062,3.7567933759419248e-06,0.00010844745702343062,nan,nan,nan,nan,0.0,0.0,0.0,0.0,0.0,0.0
nan,nan,3.7292959405021975e-06,0.00010470294364495203,3.7292959405021975e-06,0.00010470294364495203,nan,nan,nan,nan,0.0,0.0,0.0,0.0,0.0,0.0
nan,nan,3.7296945265552495e-06,0.00010458849283168092,3.7296945265552495e-06,0.00010458849283168092,nan,nan,nan,nan,0.0,0.0,0.0,0.0,0.0,0.0
nan,nan,3.797649469561293e-06,0.00010358113649999723,3.797649469561293e-06,0.00010358113649999723,nan,nan,nan,nan,0.0,0.0,0.0,0.0,0.0,0.0
nan,nan,3.6290680327510927e-06,0.00010195887443842366,3.6290680327510927e-06,0.00010195887443842366,nan,nan,nan,nan,0.0,0.0,0.0,0.0,0.0,0.0
nan,nan,3.617105221564998e-06,0.00010469745757291093,3.617105221564998e-06,0.00010469745757291093,nan,nan,nan,nan,0.0,0.0,0.0,0.0,0.0,0.0
nan,nan,3.6626411201723386e-06,0.00010358149302192032,3.6626411201723386e-06,0.00010358149302192032,nan,nan,nan,nan,0.0,0.0,0.0,0.0,0.0,0.0
nan,nan,3.6924673167959554e-06,0.00010194426431553438,3.6924673167959554e-06,0.00010194426431553438,nan,nan,nan,nan,0.0,0.0,0.0,0.0,0.0,0.0
nan,nan,3.698535238072509e-06,0.00010565947013674304,3.698535238072509e-06,0.00010565947013674304,nan,nan,nan,nan,0.0,0.0,0.0,0.0,0.0,0.0
nan,nan,3.6693218135042116e-06,0.0001059359492501244,3.6693218135042116e-06,0.0001059359492501244,nan,nan,nan,nan,0.0,0.0,0.0,0.0,0.0,0.0
nan,nan,3.6623810046876315e-06,0.00010286431643180549,3.6623810046876315e-06,0.00010286431643180549,nan,nan,nan,nan,0.0,0.0,0.0,0.0,0.0,0.0
nan,nan,3.748646122403443e-06,0.00010726570326369256,3.748646122403443e-06,0.00010726570326369256,nan,nan,nan,nan,0.0,0.0,0.0,0.0,0.0,0.0
nan,nan,3.7725794754805975e-06,0.00010755169205367565,3.7725794754805975e-06,0.00010755169205367565,nan,nan,nan,nan,0.0,0.0,0.0,0.0,0.0,0.0
nan,nan,3.8445750760729425e-06,0.0001064819807652384,3.8445750760729425e-06,0.0001064819807652384,nan,nan,nan,nan,0.0,0.0,0.0,0.0,0.0,0.0
nan,nan,3.9365572774840984e-06,0.00010719639249145985,3.9365572774840984e-06,0.00010719639249145985,nan,nan,nan,nan,0.0,0.0,0.0,0.0,0.0,0.0
nan,nan,3.95462575397687e-06,0.0001027048856485635,3.95462575397687e-06,0.0001027048856485635,nan,nan,nan,nan,0.0,0.0,0.0,0.0,0.0,0.0
nan,nan,4.126007752347505e-06,0.00010215979273198172,4.126007752347505e-06,0.00010215979273198172,nan,nan,nan,nan,0.0,0.0,0.0,0.0,0.0,0.0
nan,nan,4.020896085421555e-06,0.00010119401849806309,4.020896085421555e-06,0.00010119401849806309,nan,nan,nan,nan,0.0,0.0,0.0,0.0,0.0,0.0
nan,nan,3.980488600063836e-06,0.00010004994692280889,3.980488600063836e-06,0.00010004994692280889,nan,nan,nan,nan,0.0,0.0,0.0,0.0,0.0,0.0
nan,nan,3.8938646866881754e-06,0.00010059648047899827,3.8938646866881754e-06,0.00010059648047899827,nan,nan,nan,nan,0.0,0.0,0.0,0.0,0.0,0.0
nan,nan,3.893575012625661e-06,9.869003406492993e-05,3.893575012625661e-06,9.869003406492993e-05,nan,nan,nan,nan,0.0,0.0,0.0,0.0,0.0,0.0
nan,nan,3.86185638490133e-06,9.77085655904375e-05,3.86185638490133e-06,9.77085655904375e-05,nan,nan,nan,nan,0.0,0.0,0.0,0.0,0.0,0.0
nan,nan,3.8092157410574146e-06,0.00010052333527710289,3.8092157410574146e-06,0.00010052333527710289,nan,nan,nan,nan,0.0,0.0,0.0,0.0,0.0,0.0
nan,nan,3.8079469959484413e-06,0.00010042946814792231,3.8079469959484413e-06,0.00010042946814792231,nan,nan,nan,nan,0.0,0.0,0.0,0.0,0.0,0.0
nan,nan,3.882326382154133e-06,9.839821723289788e-05,3.882326382154133e-06,9.839821723289788e-05,nan,nan,nan,nan,0.0,0.0,0.0,0.0,0.0,0.0
nan,nan,3.843385911750374e-06,9.785955626284704e-05,3.843385911750374e-06,9.785955626284704e-05,nan,nan,nan,nan,0.0,0.0,0.0,0.0,0.0,0.0
nan,nan,3.797313638642663e-06,9.430268983123824e-05,3.797313638642663e-06,9.430268983123824e-05,nan,nan,nan,nan,0.0,0.0,0.0,0.0,0.0,0.0
nan,nan,3.7354081996454624e-06,9.567447705194354e-05,3.7354081996454624e-06,9.567447705194354e-05,nan,nan,nan,nan,0.0,0.0,0.0,0.0,0.0,0.0
nan,nan,3.6576939237420447e-06,9.699108341010287e-05,3.6576939237420447e-06,9.699108341010287e-05,nan,nan,nan,nan,0.0,0.0,0.0,0.0,0.0,0.0
nan,nan,3.5051718896284e-06,9.864488674793392e-05,3.5051718896284e-06,9.864488674793392e-05,nan,nan,nan,nan,0.0,0.0,0.0,0.0,0.0,0.0
nan,nan,3.567565272533102e-06,0.00010091518925037235,3.567565272533102e-06,0.00010091518925037235,nan,nan,nan,nan,0.0,0.0,0.0,0.0,0.0,0.0
nan,nan,3.5079528970527463e-06,0.00010330044460715726,3.5079528970527463e-06,0.00010330044460715726,nan,nan,nan,nan,0.0,0.0,0.0,0.0,0.0,0.0
nan,nan,3.5410839700489305e-06,0.00010224564903182909,3.5410839700489305e-06,0.00010224564903182909,nan,nan,nan,nan,0.0,0.0,0.0,0.0,0.0,0.0
nan,nan,3.6073986393603263e-06,0.00010863871284527704,3.6073986393603263e-06,0.00010863871284527704,nan,nan,nan,nan,0.0,0.0,0.0,0.0,0.0,0.0
nan,nan,3.663615416371613e-06,0.00011215249833185226,3.663615416371613e-06,0.00011215249833185226,nan,nan,nan,nan,0.0,0.0,0.0,0.0,0.0,0.0
nan,nan,3.705200469994452e-06,0.000112350688141305,3.705200469994452e-06,0.000112350688141305,nan,nan,nan,nan,0.0,0.0,0.0,0.0,0.0,0.0
nan,nan,3.779442977247527e-06,0.00011654471018118784,3.779442977247527e-06,0.00011654471018118784,nan,nan,nan,nan,0.0,0.0,0.0,0.0,0.0,0.0
nan,nan,3.88122680305969e-06,0.00011613135575316846,3.88122680305969e-06,0.00011613135575316846,nan,nan,nan,nan,0.0,0.0,0.0,0.0,0.0,0.0
nan,nan,3.944150648749201e-06,0.00011831644224002957,3.944150648749201e-06,0.00011831644224002957,nan,nan,nan,nan,0.0,0.0,0.0,0.0,0.0,0.0
nan,nan,3.981072950409725e-06,0.00011637061834335327,3.981072950409725e-06,0.00011637061834335327,nan,nan,nan,nan,0.0,0.0,0.0,0.0,0.0,0.0
nan,nan,3.995349743490806e-06,0.00012204821541672572,3.995349743490806e-06,0.00012204821541672572,nan,nan,nan,nan,0.0,0.0,0.0,0.0,0.0,0.0
nan,nan,4.167187853454379e-06,0.0001226162858074531,4.167187853454379e-06,0.0001226162858074531,nan,nan,nan,nan,0.0,0.0,0.0,0.0,0.0,0.0
nan,nan,4.1155908547807485e-06,0.00012375551159493625,4.1155908547807485e-06,0.00012375551159493625,nan,nan,nan,nan,0.0,0.0,0.0,0.0,0.0,0.0
nan,nan,4.17533965446637e-06,0.00012119051098125055,4.17533965446637e-06,0.00012119051098125055,nan,nan,nan,nan,0.0,0.0,0.0,0.0,0.0,0.0
nan,nan,4.222773895889986e-06,0.00012563707423396409,4.222773895889986e-06,0.00012563707423396409,nan,nan,nan,nan,0.0,0.0,0.0,0.0,0.0,0.0
nan,nan,4.246971002430655e-06,0.0001210062691825442,4.246971002430655e-06,0.0001210062691825442,nan,nan,nan,nan,0.0,0.0,0.0,0.0,0.0,0.0
nan,nan,4.172556145931594e-06,0.00012162992061348632,4.172556145931594e-06,0.00012162992061348632,nan,nan,nan,nan,0.0,0.0,0.0,0.0,0.0,0.0
nan,nan,4.2483311517571565e-06,0.00012429369962774217,4.2483311517571565e-06,0.00012429369962774217,nan,nan,nan,nan,0.0,0.0,0.0,0.0,0.0,0.0
nan,nan,4.1797402445808984e-06,0.00012326170690357685,4.1797402445808984e-06,0.00012326170690357685,nan,nan,nan,nan,0.0,0.0,0.0,0.0,0.0,0.0
nan,nan,4.1559364944987465e-06,0.00012125704233767465,4.1559364944987465e-06,0.00012125704233767465,nan,nan,nan,nan,0.0,0.0,0.0,0.0,0.0,0.0
nan,nan,4.244952833687421e-06,0.00011725819786079228,4.244952833687421e-06,0.00011725819786079228,nan,nan,nan,nan,0.0,0.0,0.0,0.0,0.0,0.0
nan,nan,4.232542778481729e-06,0.00011312036804156378,4.232542778481729e-06,0.00011312036804156378,nan,nan,nan,nan,0.0,0.0,0.0,0.0,0.0,0.0
nan,nan,4.079829977854388e-06,0.00011188926146132872,4.079829977854388e-06,0.00011188926146132872,nan,nan,nan,nan,0.0,0.0,0.0,0.0,0.0,0.0
nan,nan,3.980017027060967e-06,0.00011419005022617057,3.980017027060967e-06,0.00011419005022617057,nan,nan,nan,nan,0.0,0.0,0.0,0.0,0.0,0.0
nan,nan,3.982436737715034e-06,0.00011331923451507464,3.982436737715034e-06,0.00011331923451507464,nan,nan,nan,nan,0.0,0.0,0.0,0.0,0.0,0.0
nan,nan,4.050350980833173e-06,0.00011076556256739423,4.050350980833173e-06,0.00011076556256739423,nan,nan,nan,nan,0.0,0.0,0.0,0.0,0.0,0.0
nan,nan,3.958480192522984e-06,0.00010717441909946501,3.958480192522984e-06,0.00010717441909946501,nan,nan,nan,nan,0.0,0.0,0.0,0.0,0.0,0.0
nan,nan,4.033435288874898e-06,0.00010697141260607168,4.033435288874898e-06,0.00010697141260607168,nan,nan,nan,nan,0.0,0.0,0.0,0.0,0.0,0.0
nan,nan,4.140929831919493e-06,0.00010586851567495614,4.140929831919493e-06,0.00010586851567495614,nan,nan,nan,nan,0.0,0.0,0.0,0.0,0.0,0.0
nan,nan,4.171496129856678e-06,0.00010420680337119848,4.171496129856678e-06,0.00010420680337119848,nan,nan,nan,nan,0.0,0.0,0.0,0.0,0.0,0.0
nan,nan,4.137319137953455e-06,0.00010530068539083004,4.137319137953455e-06,0.00010530068539083004,nan,nan,nan,nan,0.0,0.0,0.0,0.0,0.0,0.0
nan,nan,4.147017079958459e-06,0.00010350236698286608,4.147017079958459e-06,0.00010350236698286608,nan,nan,nan,nan,0.0,0.0,0.0,0.0,0.0,0.0
nan,nan,4.280840130377328e-06,0.00010356698476243764,4.280840130377328e-06,0.00010356698476243764,nan,nan,nan,nan,0.0,0.0,0.0,0.0,0.0,0.0
nan,nan,4.362602339824662e-06,0.00010765407205326483,4.362602339824662e-06,0.00010765407205326483,nan,nan,nan,nan,0.0,0.0,0.0,0.0,0.0,0.0
nan,nan,4.402134436531924e-06,0.00010637485684128478,4.402134436531924e-06,0.00010637485684128478,nan,nan,nan,nan,0.0,0.0,0.0,0.0,0.0,0.0
nan,nan,4.408573659020476e-06,0.00010571259190328419,4.408573659020476e-06,0.00010571259190328419,nan,nan,nan,nan,0.0,0.0,0.0,0.0,0.0,0.0
nan,nan,4.490686933422694e-06,0.00010362676403019577,4.490686933422694e-06,0.00010362676403019577,nan,nan,nan,nan,0.0,0.0,0.0,0.0,0.0,0.0
nan,nan,4.5221986511023715e-06,0.00010043034126283601,4.5221986511023715e-06,0.00010043034126283601,nan,nan,nan,nan,0.0,0.0,0.0,0.0,0.0,0.0
nan,nan,4.562731191981584e-06,0.000100989498605486,4.562731191981584e-06,0.000100989498605486,nan,nan,nan,nan,0.0,0.0,0.0,0.0,0.0,0.0
nan,nan,4.622224423656007e-06,0.0001052153020282276,4.622224423656007e-06,0.0001052153020282276,nan,nan,nan,nan,0.0,0.0,0.0,0.0,0.0,0.0
nan,nan,4.572185389406513e-06,0.0001067706907633692,4.572185389406513e-06,0.0001067706907633692,nan,nan,nan,nan,0.0,0.0,0.0,0.0,0.0,0.0
nan,nan,4.470424755709246e-06,0.00010648406896507367,4.470424755709246e-06,0.00010648406896507367,nan,nan,nan,nan,0.0,0.0,0.0,0.0,0.0,0.0
nan,nan,4.521648406807799e-06,0.00010818175360327587,4.521648406807799e-06,0.00010818175360327587,nan,nan,nan,nan,0.0,0.0,0.0,0.0,0.0,0.0
nan,nan,4.3957788875559345e-06,0.00010655813821358606,4.3957788875559345e-06,0.00010655813821358606,nan,nan,nan,nan,0.0,0.0,0.0,0.0,0.0,0.0
nan,nan,4.3679260670614894e-06,0.00010530396684771404,4.3679260670614894e-06,0.00010530396684771404,nan,nan,nan,nan,0.0,0.0,0.0,0.0,0.0,0.0
nan,nan,4.369435373519082e-06,0.0001030394050758332,4.369435373519082e-06,0.0001030394050758332,nan,nan,nan,nan,0.0,0.0,0.0,0.0,0.0,0.0
nan,nan,4.284464466763893e-06,0.00010362187458667904,4.284464466763893e-06,0.00010362187458667904,nan,nan,nan,nan,0.0,0.0,0.0,0.0,0.0,0.0
nan,nan,4.320288553572027e-06,0.00010674100485630333,4.320288553572027e-06,0.00010674100485630333,nan,nan,nan,nan,0.0,0.0,0.0,0.0,0.0,0.0
nan,nan,4.184662884654244e-06,0.00010370530071668327,4.184662884654244e-06,0.00010370530071668327,nan,nan,nan,nan,0.0,0.0,0.0,0.0,0.0,0.0
nan,nan,4.188530965620885e-06,0.000106976498500444,4.188530965620885e-06,0.000106976498500444,nan,nan,nan,nan,0.0,0.0,0.0,0.0,0.0,0.0
nan,nan,4.169015937804943e-06,0.00010953471792163327,4.169015937804943e-06,0.00010953471792163327,nan,nan,nan,nan,0.0,0.0,0.0,0.0,0.0,0.0
nan,nan,4.0272293517773505e-06,0.00010753297829069197,4.0272293517773505e-06,0.00010753297829069197,nan,nan,nan,nan,0.0,0.0,0.0,0.0,0.0,0.0
nan,nan,4.04964157496579e-06,0.00011147757322760299,4.04964157496579e-06,0.00011147757322760299,nan,nan,nan,nan,0.0,0.0,0.0,0.0,0.0,0.0
nan,nan,4.01609713662765e-06,0.0001128588555729948,4.01609713662765e-06,0.0001128588555729948,nan,nan,nan,nan,0.0,0.0,0.0,0.0,0.0,0.0
nan,nan,4.027120212413138e-06,0.00011783948139054701,4.027120212413138e-06,0.00011783948139054701,nan,nan,nan,nan,0.0,0.0,0.0,0.0,0.0,0.0
nan,nan,4.114094735996332e-06,0.00012213260924909264,4.114094735996332e-06,0.00012213260924909264,nan,nan,nan,nan,0.0,0.0,0.0,0.0,0.0,0.0
nan,nan,4.006219569419045e-06,0.00011958493269048631,4.006219569419045e-06,0.00011958493269048631,nan,nan,nan,nan,0.0,0.0,0.0,0.0,0.0,0.0
nan,nan,4.091883965884335e-06,0.00012390632764436305,4.091883965884335e-06,0.00012390632764436305,nan,nan,nan,nan,0.0,0.0,0.0,0.0,0.0,0.0
nan,nan,4.0538930079492275e-06,0.00012328669254202396,4.0538930079492275e-06,0.00012328669254202396,nan,nan,nan,nan,0.0,0.0,0.0,0.0,0.0,0.0
nan,nan,4.140390501561342e-06,0.00012098294973839074,4.140390501561342e-06,0.00012098294973839074,nan,nan,nan,nan,0.0,0.0,0.0,0.0,0.0,0.0
nan,nan,4.229804744682042e-06,0.00012203081860207021,4.229804744682042e-06,0.00012203081860207021,nan,nan,nan,nan,0.0,0.0,0.0,0.0,0.0,0.0
nan,nan,4.231161256029736e-06,0.00012137824523961172,4.231161256029736e-06,0.00012137824523961172,nan,nan,nan,nan,0.0,0.0,0.0,0.0,0.0,0.0
nan,nan,4.212418843962951e-06,0.00012217961193528026,4.212418843962951e-06,0.00012217961193528026,nan,nan,nan,nan,0.0,0.0,0.0,0.0,0.0,0.0
nan,nan,4.1666025936137885e-06,0.0001213570503750816,4.1666025936137885e-06,0.0001213570503750816,nan,nan,nan,nan,0.0,0.0,0.0,0.0,0.0,0.0
nan,nan,4.1145212890114635e-06,0.00012335897190496325,4.1145212890114635e-06,0.00012335897190496325,nan,nan,nan,nan,0.0,0.0,0.0,0.0,0.0,0.0
nan,nan,4.036110112792812e-06,0.0001260401331819594,4.036110112792812e-06,0.0001260401331819594,nan,nan,nan,nan,0.0,0.0,0.0,0.0,0.0,0.0
nan,nan,3.956796263082651e-06,0.0001250207278644666,3.956796263082651e-06,0.0001250207278644666,nan,nan,nan,nan,0.0,0.0,0.0,0.0,0.0,0.0
nan,nan,3.905955054506194e-06,0.00012654272723011672,3.905955054506194e-06,0.00012654272723011672,nan,nan,nan,nan,0.0,0.0,0.0,0.0,0.0,0.0
nan,nan,3.885932528646663e-06,0.00012352564954198897,3.885932528646663e-06,0.00012352564954198897,nan,nan,nan,nan,0.0,0.0,0.0,0.0,0.0,0.0
nan,nan,3.7806585169164464e-06,0.0001211511334986426,3.7806585169164464e-06,0.0001211511334986426,nan,nan,nan,nan,0.0,0.0,0.0,0.0,0.0,0.0
nan,nan,3.8025257254048483e-06,0.00012064399925293401,3.8025257254048483e-06,0.00012064399925293401,nan,nan,nan,nan,0.0,0.0,0.0,0.0,0.0,0.0
nan,nan,3.855991963064298e-06,0.00012279073416721076,3.855991963064298e-06,0.00012279073416721076,nan,nan,nan,nan,0.0,0.0,0.0,0.0,0.0,0.0
nan,nan,3.887333605234744e-06,0.00012274511391296983,3.887333605234744e-06,0.00012274511391296983,nan,nan,nan,nan,0.0,0.0,0.0,0.0,0.0,0.0
nan,nan,3.733605353772873e-06,0.00012198645708849654,3.733605353772873e-06,0.00012198645708849654,nan,nan,nan,nan,0.0,0.0,0.0,0.0,0.0,0.0
nan,nan,3.8443345147243235e-06,0.0001172159900306724,3.8443345147243235e-06,0.0001172159900306724,nan,nan,nan,nan,0.0,0.0,0.0,0.0,0.0,0.0
nan,nan,3.870929049298866e-06,0.00011689979874063283,3.870929049298866e-06,0.00011689979874063283,nan,nan,nan,nan,0.0,0.0,0.0,0.0,0.0,0.0
nan,nan,3.7844240523554618e-06,0.00011555550736375153,3.7844240523554618e-06,0.00011555550736375153,nan,nan,nan,nan,0.0,0.0,0.0,0.0,0.0,0.0
nan,nan,3.893458597303834e-06,0.00011632739915512502,3.893458597303834e-06,0.00011632739915512502,nan,nan,nan,nan,0.0,0.0,0.0,0.0,0.0,0.0
nan,nan,4.041105057694949e-06,0.00012067422358086333,4.041105057694949e-06,0.00012067422358086333,nan,nan,nan,nan,0.0,0.0,0.0,0.0,0.0,0.0
nan,nan,4.027616796520306e-06,0.00011744075163733214,4.027616796520306e-06,0.00011744075163733214,nan,nan,nan,nan,0.0,0.0,0.0,0.0,0.0,0.0
nan,nan,4.151284429099178e-06,0.00011942147102672607,4.151284429099178e-06,0.00011942147102672607,nan,nan,nan,nan,0.0,0.0,0.0,0.0,0.0,0.0
nan,nan,4.1970470192609355e-06,0.00012052511010551825,4.1970470192609355e-06,0.00012052511010551825,nan,nan,nan,nan,0.0,0.0,0.0,0.0,0.0,0.0
nan,nan,4.2883239075308666e-06,0.00012323296687100083,4.2883239075308666e-06,0.00012323296687100083,nan,nan,nan,nan,0.0,0.0,0.0,0.0,0.0,0.0
nan,nan,4.2965993998222984e-06,0.0001240481506101787,4.2965993998222984e-06,0.0001240481506101787,nan,nan,nan,nan,0.0,0.0,0.0,0.0,0.0,0.0
nan,nan,4.2988740460714325e-06,0.0001199268372147344,4.2988740460714325e-06,0.0001199268372147344,nan,nan,nan,nan,0.0,0.0,0.0,0.0,0.0,0.0
nan,nan,4.398665168992011e-06,0.00012087369395885617,4.398665168992011e-06,0.00012087369395885617,nan,nan,nan,nan,0.0,0.0,0.0,0.0,0.0,0.0
nan,nan,4.377792265586322e-06,0.00012279457587283105,4.377792265586322e-06,0.00012279457587283105,nan,nan,nan,nan,0.0,0.0,0.0,0.0,0.0,0.0
nan,nan,4.378480753075564e-06,0.00011950085172429681,4.378480753075564e-06,0.00011950085172429681,nan,nan,nan,nan,0.0,0.0,0.0,0.0,0.0,0.0
nan,nan,4.6494515117956325e-06,0.00012101724132662639,4.6494515117956325e-06,0.00012101724132662639,nan,nan,nan,nan,0.0,0.0,0.0,0.0,0.0,0.0
nan,nan,4.637956863007275e-06,0.00011916737275896594,4.637956863007275e-06,0.00011916737275896594,nan,nan,nan,nan,0.0,0.0,0.0,0.0,0.0,0.0
nan,nan,4.555759915092494e-06,0.00011600736615946516,4.555759915092494e-06,0.00011600736615946516,nan,nan,nan,nan,0.0,0.0,0.0,0.0,0.0,0.0
nan,nan,4.598255145538133e-06,0.00011497660307213664,4.598255145538133e-06,0.00011497660307213664,nan,nan,nan,nan,0.0,0.0,0.0,0.0,0.0,0.0
nan,nan,4.603552042681258e-06,0.00011150530190207064,4.603552042681258e-06,0.00011150530190207064,nan,nan,nan,nan,0.0,0.0,0.0,0.0,0.0,0.0
nan,nan,4.5675587898585945e-06,0.00010591626778477803,4.5675587898585945e-06,0.00010591626778477803,nan,nan,nan,nan,0.0,0.0,0.0,0.0,0.0,0.0
nan,nan,4.511121005634777e-06,0.00010571559687377885,4.511121005634777e-06,0.00010571559687377885,nan,nan,nan,nan,0.0,0.0,0.0,0.0,0.0,0.0
nan,nan,4.521905793808401e-06,0.00010613424819894135,4.521905793808401e-06,0.00010613424819894135,nan,nan,nan,nan,0.0,0.0,0.0,0.0,0.0,0.0
nan,nan,4.471736247069202e-06,0.00010301587462890893,4.471736247069202e-06,0.00010301587462890893,nan,nan,nan,nan,0.0,0.0,0.0,0.0,0.0,0.0
nan,nan,4.437306870386237e-06,0.00010202380508417264,4.437306870386237e-06,0.00010202380508417264,nan,nan,nan,nan,0.0,0.0,0.0,0.0,0.0,0.0
nan,nan,4.486974376050057e-06,0.00010154632036574185,4.486974376050057e-06,0.00010154632036574185,nan,nan,nan,nan,0.0,0.0,0.0,0.0,0.0,0.0
nan,nan,4.570961664285278e-06,0.00010119261423824355,4.570961664285278e-06,0.00010119261423824355,nan,nan,nan,nan,0.0,0.0,0.0,0.0,0.0,0.0
nan,nan,4.55041254099342e-06,9.848464105743915e-05,4.55041254099342e-06,9.848464105743915e-05,nan,nan,nan,nan,0.0,0.0,0.0,0.0,0.0,0.0
nan,nan,4.55366489404696e-06,9.989591490011662e-05,4.55366489404696e-06,9.989591490011662e-05,nan,nan,nan,nan,0.0,0.0,0.0,0.0,0.0,0.0
nan,nan,4.625886504072696e-06,0.00010148261935682967,4.625886504072696e-06,0.00010148261935682967,nan,nan,nan,nan,0.0,0.0,0.0,0.0,0.0,0.0
nan,nan,4.675796390074538e-06,0.00010323258175048977,4.675796390074538e-06,0.00010323258175048977,nan,nan,nan,nan,0.0,0.0,0.0,0.0,0.0,0.0
nan,nan,4.6360496526176576e-06,0.00010709624621085823,4.6360496526176576e-06,0.00010709624621085823,nan,nan,nan,nan,0.0,0.0,0.0,0.0,0.0,0.0
nan,nan,4.546790023596259e-06,0.00010747032501967624,4.546790023596259e-06,0.00010747032501967624,nan,nan,nan,nan,0.0,0.0,0.0,0.0,0.0,0.0
nan,nan,4.486808848014334e-06,0.00011006695422111079,4.486808848014334e-06,0.00011006695422111079,nan,nan,nan,nan,0.0,0.0,0.0,0.0,0.0,0.0
nan,nan,4.465364781935932e-06,0.00010568394645815715,4.465364781935932e-06,0.00010568394645815715,nan,nan,nan,nan,0.0,0.0,0.0,0.0,0.0,0.0
nan,nan,4.456270744412905e-06,0.00010885079245781526,4.456270744412905e-06,0.00010885079245781526,nan,nan,nan,nan,0.0,0.0,0.0,0.0,0.0,0.0
nan,nan,4.460237960302038e-06,0.00010834795102709904,4.460237960302038e-06,0.00010834795102709904,nan,nan,nan,nan,0.0,0.0,0.0,0.0,0.0,0.0
nan,nan,4.5060282900522e-06,0.00010976214980473742,4.5060282900522e-06,0.00010976214980473742,nan,nan,nan,nan,0.0,0.0,0.0,0.0,0.0,0.0
nan,nan,4.370071110315621e-06,0.00010944178211502731,4.370071110315621e-06,0.00010944178211502731,nan,nan,nan,nan,0.0,0.0,0.0,0.0,0.0,0.0
nan,nan,4.350669769337401e-06,0.00011219801672268659,4.350669769337401e-06,0.00011219801672268659,nan,nan,nan,nan,0.0,0.0,0.0,0.0,0.0,0.0
nan,nan,4.279974746168591e-06,0.0001127505674958229,4.279974746168591e-06,0.0001127505674958229,nan,nan,nan,nan,0.0,0.0,0.0,0.0,0.0,0.0
nan,nan,4.232197170495056e-06,0.00011059438838856295,4.232197170495056e-06,0.00011059438838856295,nan,nan,nan,nan,0.0,0.0,0.0,0.0,0.0,0.0
nan,nan,4.186824298813008e-06,0.00011193165846634656,4.186824298813008e-06,0.00011193165846634656,nan,nan,nan,nan,0.0,0.0,0.0,0.0,0.0,0.0
nan,nan,4.195821929897647e-06,0.00011034963972633705,4.195821929897647e-06,0.00011034963972633705,nan,nan,nan,nan,0.0,0.0,0.0,0.0,0.0,0.0
nan,nan,4.131010427954607e-06,0.00011019670637324452,4.131010427954607e-06,0.00011019670637324452,nan,nan,nan,nan,0.0,0.0,0.0,0.0,0.0,0.0
nan,nan,4.244672709319275e-06,0.00010884107905440032,4.244672709319275e-06,0.00010884107905440032,nan,nan,nan,nan,0.0,0.0,0.0,0.0,0.0,0.0
nan,nan,4.299666215956677e-06,0.0001039990020217374,4.299666215956677e-06,0.0001039990020217374,nan,nan,nan,nan,0.0,0.0,0.0,0.0,0.0,0.0
nan,nan,4.305879883759189e-06,0.0001019009796436876,4.305879883759189e-06,0.0001019009796436876,nan,nan,nan,nan,0.0,0.0,0.0,0.0,0.0,0.0
nan,nan,4.311519660404883e-06,0.00010088187991641462,4.311519660404883e-06,0.00010088187991641462,nan,nan,nan,nan,0.0,0.0,0.0,0.0,0.0,0.0
nan,nan,4.116707259527175e-06,9.96780872810632e-05,4.116707259527175e-06,9.96780872810632e-05,nan,nan,nan,nan,0.0,0.0,0.0,0.0,0.0,0.0
nan,nan,4.179032657702919e-06,0.00010236940579488873,4.179032657702919e-06,0.00010236940579488873,nan,nan,nan,nan,0.0,0.0,0.0,0.0,0.0,0.0
nan,nan,4.175633876002394e-06,0.00010321205627406016,4.175633876002394e-06,0.00010321205627406016,nan,nan,nan,nan,0.0,0.0,0.0,0.0,0.0,0.0
nan,nan,4.18527088186238e-06,9.936044079950079e-05,4.18527088186238e-06,9.936044079950079e-05,nan,nan,nan,nan,0.0,0.0,0.0,0.0,0.0,0.0
nan,nan,4.082469786226284e-06,0.00010425027721794322,4.082469786226284e-06,0.00010425027721794322,nan,nan,nan,nan,0.0,0.0,0.0,0.0,0.0,0.0
nan,nan,4.099649231648073e-06,0.0001045567260007374,4.099649231648073e-06,0.0001045567260007374,nan,nan,nan,nan,0.0,0.0,0.0,0.0,0.0,0.0
nan,nan,4.135240487812553e-06,0.00010145342821488157,4.135240487812553e-06,0.00010145342821488157,nan,nan,nan,nan,0.0,0.0,0.0,0.0,0.0,0.0
nan,nan,4.179404186288593e-06,0.00010883481445489451,4.179404186288593e-06,0.00010883481445489451,nan,nan,nan,nan,0.0,0.0,0.0,0.0,0.0,0.0
nan,nan,4.213187366985949e-06,0.0001116213679779321,4.213187366985949e-06,0.0001116213679779321,nan,nan,nan,nan,0.0,0.0,0.0,0.0,0.0,0.0
nan,nan,4.31874104833696e-06,0.00011356977483956143,4.31874104833696e-06,0.00011356977483956143,nan,nan,nan,nan,0.0,0.0,0.0,0.0,0.0,0.0
nan,nan,4.2687142922659405e-06,0.00011526356684044003,4.2687142922659405e-06,0.00011526356684044003,nan,nan,nan,nan,0.0,0.0,0.0,0.0,0.0,0.0
nan,nan,4.294634891266469e-06,0.00011530872143339366,4.294634891266469e-06,0.00011530872143339366,nan,nan,nan,nan,0.0,0.0,0.0,0.0,0.0,0.0
nan,nan,4.312978944653878e-06,0.00011449160956544802,4.312978944653878e-06,0.00011449160956544802,nan,nan,nan,nan,0.0,0.0,0.0,0.0,0.0,0.0
nan,nan,4.3656227717292495e-06,0.00011444494884926826,4.3656227717292495e-06,0.00011444494884926826,nan,nan,nan,nan,0.0,0.0,0.0,0.0,0.0,0.0
nan,nan,4.35112087870948e-06,0.00011251493560848758,4.35112087870948e-06,0.00011251493560848758,nan,nan,nan,nan,0.0,0.0,0.0,0.0,0.0,0.0
nan,nan,4.43380986325792e-06,0.00010929469135589898,4.43380986325792e-06,0.00010929469135589898,nan,nan,nan,nan,0.0,0.0,0.0,0.0,0.0,0.0
nan,nan,4.476588856050512e-06,0.00011026417632820085,4.476588856050512e-06,0.00011026417632820085,nan,nan,nan,nan,0.0,0.0,0.0,0.0,0.0,0.0
nan,nan,4.571496901917271e-06,0.00010904387454502285,4.571496901917271e-06,0.00010904387454502285,nan,nan,nan,nan,0.0,0.0,0.0,0.0,0.0,0.0
nan,nan,4.4815369619755074e-06,0.00010786785423988476,4.4815369619755074e-06,0.00010786785423988476,nan,nan,nan,nan,0.0,0.0,0.0,0.0,0.0,0.0
nan,nan,4.487980731937569e-06,0.00010804692283272743,4.487980731937569e-06,0.00010804692283272743,nan,nan,nan,nan,0.0,0.0,0.0,0.0,0.0,0.0
nan,nan,4.491477284318535e-06,0.00010860840848181397,4.491477284318535e-06,0.00010860840848181397,nan,nan,nan,nan,0.0,0.0,0.0,0.0,0.0,0.0
nan,nan,4.333830929681426e-06,0.00010715306416386738,4.333830929681426e-06,0.00010715306416386738,nan,nan,nan,nan,0.0,0.0,0.0,0.0,0.0,0.0
nan,nan,4.361763330962276e-06,0.0001066137629095465,4.361763330962276e-06,0.0001066137629095465,nan,nan,nan,nan,0.0,0.0,0.0,0.0,0.0,0.0
nan,nan,4.29017245551222e-06,0.00010553922766121104,4.29017245551222e-06,0.00010553922766121104,nan,nan,nan,nan,0.0,0.0,0.0,0.0,0.0,0.0
nan,nan,4.221114522806602e-06,0.00010367548384238034,4.221114522806602e-06,0.00010367548384238034,nan,nan,nan,nan,0.0,0.0,0.0,0.0,0.0,0.0
nan,nan,4.157119292358402e-06,0.00010149487934540957,4.157119292358402e-06,0.00010149487934540957,nan,nan,nan,nan,0.0,0.0,0.0,0.0,0.0,0.0
nan,nan,4.209610779071227e-06,0.00010253000073134899,4.209610779071227e-06,0.00010253000073134899,nan,nan,nan,nan,0.0,0.0,0.0,0.0,0.0,0.0
nan,nan,4.179139523330377e-06,0.00010113102325703949,4.179139523330377e-06,0.00010113102325703949,nan,nan,nan,nan,0.0,0.0,0.0,0.0,0.0,0.0
nan,nan,4.096604243386537e-06,0.00010078025661641732,4.096604243386537e-06,0.00010078025661641732,nan,nan,nan,nan,0.0,0.0,0.0,0.0,0.0,0.0
nan,nan,4.229272690281505e-06,0.00010268952610203996,4.229272690281505e-06,0.00010268952610203996,nan,nan,nan,nan,0.0,0.0,0.0,0.0,0.0,0.0
nan,nan,4.274606908438727e-06,0.00010315325926057994,4.274606908438727e-06,0.00010315325926057994,nan,nan,nan,nan,0.0,0.0,0.0,0.0,0.0,0.0
nan,nan,4.248884579283185e-06,0.00010439073957968503,4.248884579283185e-06,0.00010439073957968503,nan,nan,nan,nan,0.0,0.0,0.0,0.0,0.0,0.0
nan,nan,4.268368229531916e-06,0.0001060602517100051,4.268368229531916e-06,0.0001060602517100051,nan,nan,nan,nan,0.0,0.0,0.0,0.0,0.0,0.0
nan,nan,4.323657321947394e-06,0.00011004933185176924,4.323657321947394e-06,0.00011004933185176924,nan,nan,nan,nan,0.0,0.0,0.0,0.0,0.0,0.0
nan,nan,4.309901669330429e-06,0.00011261278996244073,4.309901669330429e-06,0.00011261278996244073,nan,nan,nan,nan,0.0,0.0,0.0,0.0,0.0,0.0
nan,nan,4.396596523292828e-06,0.00011141467984998599,4.396596523292828e-06,0.00011141467984998599,nan,nan,nan,nan,0.0,0.0,0.0,0.0,0.0,0.0
nan,nan,4.334259301685961e-06,0.00011621429439401254,4.334259301685961e-06,0.00011621429439401254,nan,nan,nan,nan,0.0,0.0,0.0,0.0,0.0,0.0
nan,nan,4.419873221195303e-06,0.0001202778730657883,4.419873221195303e-06,0.0001202778730657883,nan,nan,nan,nan,0.0,0.0,0.0,0.0,0.0,0.0
nan,nan,4.347220055933576e-06,0.0001194884825963527,4.347220055933576e-06,0.0001194884825963527,nan,nan,nan,nan,0.0,0.0,0.0,0.0,0.0,0.0
nan,nan,4.283999260223936e-06,0.0001170986142824404,4.283999260223936e-06,0.0001170986142824404,nan,nan,nan,nan,0.0,0.0,0.0,0.0,0.0,0.0
nan,nan,4.394375537231099e-06,0.0001192521012853831,4.394375537231099e-06,0.0001192521012853831,nan,nan,nan,nan,0.0,0.0,0.0,0.0,0.0,0.0
nan,nan,4.318505489209201e-06,0.00011712230480043218,4.318505489209201e-06,0.00011712230480043218,nan,nan,nan,nan,0.0,0.0,0.0,0.0,0.0,0.0
nan,nan,4.3613172238110565e-06,0.00011201289453310892,4.3613172238110565e-06,0.00011201289453310892,nan,nan,nan,nan,0.0,0.0,0.0,0.0,0.0,0.0
nan,nan,4.369041107565863e-06,0.00011706887016771361,4.369041107565863e-06,0.00011706887016771361,nan,nan,nan,nan,0.0,0.0,0.0,0.0,0.0,0.0
nan,nan,4.174562491243705e-06,0.00011661905591608956,4.174562491243705e-06,0.00011661905591608956,nan,nan,nan,nan,0.0,0.0,0.0,0.0,0.0,0.0
nan,nan,4.169900421402417e-06,0.00011860988161060959,4.169900421402417e-06,0.00011860988161060959,nan,nan,nan,nan,0.0,0.0,0.0,0.0,0.0,0.0
nan,nan,4.186924343230203e-06,0.00011466703290352598,4.186924343230203e-06,0.00011466703290352598,nan,nan,nan,nan,0.0,0.0,0.0,0.0,0.0,0.0
nan,nan,4.213580268697115e-06,0.00011448246368672699,4.213580268697115e-06,0.00011448246368672699,nan,nan,nan,nan,0.0,0.0,0.0,0.0,0.0,0.0
nan,nan,4.24846621172037e-06,0.00011214749974897131,4.24846621172037e-06,0.00011214749974897131,nan,nan,nan,nan,0.0,0.0,0.0,0.0,0.0,0.0
nan,nan,4.174097739451099e-06,0.00010909235425060615,4.174097739451099e-06,0.00010909235425060615,nan,nan,nan,nan,0.0,0.0,0.0,0.0,0.0,0.0
nan,nan,4.223106770950835e-06,0.00011000885569956154,4.223106770950835e-06,0.00011000885569956154,nan,nan,nan,nan,0.0,0.0,0.0,0.0,0.0,0.0
nan,nan,4.392464688862674e-06,0.0001112403188017197,4.392464688862674e-06,0.0001112403188017197,nan,nan,nan,nan,0.0,0.0,0.0,0.0,0.0,0.0
nan,nan,4.405939307616791e-06,0.00010767250932985917,4.405939307616791e-06,0.00010767250932985917,nan,nan,nan,nan,0.0,0.0,0.0,0.0,0.0,0.0
nan,nan,4.486666512093507e-06,0.00010689391638152301,4.486666512093507e-06,0.00010689391638152301,nan,nan,nan,nan,0.0,0.0,0.0,0.0,0.0,0.0
nan,nan,4.513628482527565e-06,0.00010751274385256693,4.513628482527565e-06,0.00010751274385256693,nan,nan,nan,nan,0.0,0.0,0.0,0.0,0.0,0.0
nan,nan,4.529240413830848e-06,0.00010350349475629628,4.529240413830848e-06,0.00010350349475629628,nan,nan,nan,nan,0.0,0.0,0.0,0.0,0.0,0.0
nan,nan,4.574464583129156e-06,0.00010811601532623172,4.574464583129156e-06,0.00010811601532623172,nan,nan,nan,nan,0.0,0.0,0.0,0.0,0.0,0.0
nan,nan,4.42320606452995e-06,0.00010678285616450012,4.42320606452995e-06,0.00010678285616450012,nan,nan,nan,nan,0.0,0.0,0.0,0.0,0.0,0.0
nan,nan,4.5346787374001e-06,0.00010735389514593408,4.5346787374001e-06,0.00010735389514593408,nan,nan,nan,nan,0.0,0.0,0.0,0.0,0.0,0.0
nan,nan,4.6161635509633925e-06,0.0001087165655917488,4.6161635509633925e-06,0.0001087165655917488,nan,nan,nan,nan,0.0,0.0,0.0,0.0,0.0,0.0
nan,nan,4.672423983720364e-06,0.00010701364954002202,4.672423983720364e-06,0.00010701364954002202,nan,nan,nan,nan,0.0,0.0,0.0,0.0,0.0,0.0
nan,nan,4.750310381496092e-06,0.00011365616956027225,4.750310381496092e-06,0.00011365616956027225,nan,nan,nan,nan,0.0,0.0,0.0,0.0,0.0,0.0
nan,nan,4.698449629358947e-06,0.00011239247396588326,4.698449629358947e-06,0.00011239247396588326,nan,nan,nan,nan,0.0,0.0,0.0,0.0,0.0,0.0
nan,nan,4.750106654682895e-06,0.00011160937719978392,4.750106654682895e-06,0.00011160937719978392,nan,nan,nan,nan,0.0,0.0,0.0,0.0,0.0,0.0
nan,nan,4.726080078398809e-06,0.00011346644896548241,4.726080078398809e-06,0.00011346644896548241,nan,nan,nan,nan,0.0,0.0,0.0,0.0,0.0,0.0
nan,nan,4.665202141040936e-06,0.00010693905642256141,4.665202141040936e-06,0.00010693905642256141,nan,nan,nan,nan,0.0,0.0,0.0,0.0,0.0,0.0
nan,nan,4.68359985461575e-06,0.0001084736650227569,4.68359985461575e-06,0.0001084736650227569,nan,nan,nan,nan,0.0,0.0,0.0,0.0,0.0,0.0
nan,nan,4.513880412559956e-06,0.00010568598372628912,4.513880412559956e-06,0.00010568598372628912,nan,nan,nan,nan,0.0,0.0,0.0,0.0,0.0,0.0
nan,nan,4.467219696380198e-06,0.00010654366633389145,4.467219696380198e-06,0.00010654366633389145,nan,nan,nan,nan,0.0,0.0,0.0,0.0,0.0,0.0
nan,nan,4.470179646887118e-06,0.00010549381113378331,4.470179646887118e-06,0.00010549381113378331,nan,nan,nan,nan,0.0,0.0,0.0,0.0,0.0,0.0
nan,nan,4.50473589808098e-06,0.00010423752246424556,4.50473589808098e-06,0.00010423752246424556,nan,nan,nan,nan,0.0,0.0,0.0,0.0,0.0,0.0
nan,nan,4.422269284987124e-06,0.00010046748502645642,4.422269284987124e-06,0.00010046748502645642,nan,nan,nan,nan,0.0,0.0,0.0,0.0,0.0,0.0
nan,nan,4.360736966191325e-06,0.00010005701187765226,4.360736966191325e-06,0.00010005701187765226,nan,nan,nan,nan,0.0,0.0,0.0,0.0,0.0,0.0
nan,nan,4.312585588195361e-06,9.689469879958779e-05,4.312585588195361e-06,9.689469879958779e-05,nan,nan,nan,nan,0.0,0.0,0.0,0.0,0.0,0.0
nan,nan,4.1539374251442496e-06,9.335736831417307e-05,4.1539374251442496e-06,9.335736831417307e-05,nan,nan,nan,nan,0.0,0.0,0.0,0.0,0.0,0.0
nan,nan,4.285667273506988e-06,9.726225107442588e-05,4.285667273506988e-06,9.726225107442588e-05,nan,nan,nan,nan,0.0,0.0,0.0,0.0,0.0,0.0
nan,nan,4.3168342926946934e-06,9.940244490280747e-05,4.3168342926946934e-06,9.940244490280747e-05,nan,nan,nan,nan,0.0,0.0,0.0,0.0,0.0,0.0
nan,nan,4.233653726259945e-06,9.624518133932725e-05,4.233653726259945e-06,9.624518133932725e-05,nan,nan,nan,nan,0.0,0.0,0.0,0.0,0.0,0.0
nan,nan,4.415051989781205e-06,9.654508903622627e-05,4.415051989781205e-06,9.654508903622627e-05,nan,nan,nan,nan,0.0,0.0,0.0,0.0,0.0,0.0
nan,nan,4.494193035498029e-06,9.96100134216249e-05,4.494193035498029e-06,9.96100134216249e-05,nan,nan,nan,nan,0.0,0.0,0.0,0.0,0.0,0.0
nan,nan,4.452832399692852e-06,0.0001009496845654212,4.452832399692852e-06,0.0001009496845654212,nan,nan,nan,nan,0.0,0.0,0.0,0.0,0.0,0.0
nan,nan,4.5842648432881106e-06,9.965740900952369e-05,4.5842648432881106e-06,9.965740900952369e-05,nan,nan,nan,nan,0.0,0.0,0.0,0.0,0.0,0.0
nan,nan,4.615568741428433e-06,9.940715244738385e-05,4.615568741428433e-06,9.940715244738385e-05,nan,nan,nan,nan,0.0,0.0,0.0,0.0,0.0,0.0
nan,nan,4.578876541927457e-06,9.884163591777906e-05,4.578876541927457e-06,9.884163591777906e-05,nan,nan,nan,nan,0.0,0.0,0.0,0.0,0.0,0.0
nan,nan,4.673360308515839e-06,9.815140947466716e-05,4.673360308515839e-06,9.815140947466716e-05,nan,nan,nan,nan,0.0,0.0,0.0,0.0,0.0,0.0
nan,nan,4.638077825802611e-06,0.00010048395779449493,4.638077825802611e-06,0.00010048395779449493,nan,nan,nan,nan,0.0,0.0,0.0,0.0,0.0,0.0
nan,nan,4.680523034039652e-06,0.00010416842997074127,4.680523034039652e-06,0.00010416842997074127,nan,nan,nan,nan,0.0,0.0,0.0,0.0,0.0,0.0
nan,nan,4.631465344573371e-06,0.00010217873204965144,4.631465344573371e-06,0.00010217873204965144,nan,nan,nan,nan,0.0,0.0,0.0,0.0,0.0,0.0
nan,nan,4.591299330058973e-06,9.965742356143892e-05,4.591299330058973e-06,9.965742356143892e-05,nan,nan,nan,nan,0.0,0.0,0.0,0.0,0.0,0.0
nan,nan,4.582471319736214e-06,0.00010347112402087077,4.582471319736214e-06,0.00010347112402087077,nan,nan,nan,nan,0.0,0.0,0.0,0.0,0.0,0.0
nan,nan,4.61253011962981e-06,0.00010523217497393489,4.61253011962981e-06,0.00010523217497393489,nan,nan,nan,nan,0.0,0.0,0.0,0.0,0.0,0.0
nan,nan,4.521159098658245e-06,0.0001069402351276949,4.521159098658245e-06,0.0001069402351276949,nan,nan,nan,nan,0.0,0.0,0.0,0.0,0.0,0.0
nan,nan,4.536779215413844e-06,0.00010681019921321422,4.536779215413844e-06,0.00010681019921321422,nan,nan,nan,nan,0.0,0.0,0.0,0.0,0.0,0.0
nan,nan,4.438382802618435e-06,0.00010537659545661882,4.438382802618435e-06,0.00010537659545661882,nan,nan,nan,nan,0.0,0.0,0.0,0.0,0.0,0.0
nan,nan,4.440107659320347e-06,0.00010267050674883649,4.440107659320347e-06,0.00010267050674883649,nan,nan,nan,nan,0.0,0.0,0.0,0.0,0.0,0.0
nan,nan,4.437019924807828e-06,9.962527110474184e-05,4.437019924807828e-06,9.962527110474184e-05,nan,nan,nan,nan,0.0,0.0,0.0,0.0,0.0,0.0
nan,nan,4.3725040086428635e-06,9.839895938057452e-05,4.3725040086428635e-06,9.839895938057452e-05,nan,nan,nan,nan,0.0,0.0,0.0,0.0,0.0,0.0
nan,nan,4.327994702180149e-06,9.76782466750592e-05,4.327994702180149e-06,9.76782466750592e-05,nan,nan,nan,nan,0.0,0.0,0.0,0.0,0.0,0.0
nan,nan,4.257246473571286e-06,9.447782940696925e-05,4.257246473571286e-06,9.447782940696925e-05,nan,nan,nan,nan,0.0,0.0,0.0,0.0,0.0,0.0
nan,nan,4.300082309782738e-06,9.44191706366837e-05,4.300082309782738e-06,9.44191706366837e-05,nan,nan,nan,nan,0.0,0.0,0.0,0.0,0.0,0.0
nan,nan,4.324290785007179e-06,9.770764881977811e-05,4.324290785007179e-06,9.770764881977811e-05,nan,nan,nan,nan,0.0,0.0,0.0,0.0,0.0,0.0
nan,nan,4.186967998975888e-06,9.450508514419198e-05,4.186967998975888e-06,9.450508514419198e-05,nan,nan,nan,nan,0.0,0.0,0.0,0.0,0.0,0.0
nan,nan,4.1580874494684394e-06,9.725122799864039e-05,4.1580874494684394e-06,9.725122799864039e-05,nan,nan,nan,nan,0.0,0.0,0.0,0.0,0.0,0.0
nan,nan,4.255835392541485e-06,9.942436736309901e-05,4.255835392541485e-06,9.942436736309901e-05,nan,nan,nan,nan,0.0,0.0,0.0,0.0,0.0,0.0
nan,nan,4.263848040864104e-06,9.842144208960235e-05,4.263848040864104e-06,9.842144208960235e-05,nan,nan,nan,nan,0.0,0.0,0.0,0.0,0.0,0.0
nan,nan,4.160604476055596e-06,9.871250222204253e-05,4.160604476055596e-06,9.871250222204253e-05,nan,nan,nan,nan,0.0,0.0,0.0,0.0,0.0,0.0
nan,nan,4.3155359890079126e-06,0.00010121942614205182,4.3155359890079126e-06,0.00010121942614205182,nan,nan,nan,nan,0.0,0.0,0.0,0.0,0.0,0.0
nan,nan,4.2649853639886715e-06,0.00010317651322111487,4.2649853639886715e-06,0.00010317651322111487,nan,nan,nan,nan,0.0,0.0,0.0,0.0,0.0,0.0
nan,nan,4.240823727741372e-06,0.00010400154860690236,4.240823727741372e-06,0.00010400154860690236,nan,nan,nan,nan,0.0,0.0,0.0,0.0,0.0,0.0
nan,nan,4.211214672977803e-06,0.0001052464940585196,4.211214672977803e-06,0.0001052464940585196,nan,nan,nan,nan,0.0,0.0,0.0,0.0,0.0,0.0
nan,nan,4.316070317145204e-06,0.00010532284795772284,4.316070317145204e-06,0.00010532284795772284,nan,nan,nan,nan,0.0,0.0,0.0,0.0,0.0,0.0
nan,nan,4.3305681174388155e-06,0.0001080562433344312,4.3305681174388155e-06,0.0001080562433344312,nan,nan,nan,nan,0.0,0.0,0.0,0.0,0.0,0.0
nan,nan,4.275520950614009e-06,0.0001039808921632357,4.275520950614009e-06,0.0001039808921632357,nan,nan,nan,nan,0.0,0.0,0.0,0.0,0.0,0.0
nan,nan,4.348420588939916e-06,0.0001012689244817011,4.348420588939916e-06,0.0001012689244817011,nan,nan,nan,nan,0.0,0.0,0.0,0.0,0.0,0.0
nan,nan,4.462078322831076e-06,9.978056914405897e-05,4.462078322831076e-06,9.978056914405897e-05,nan,nan,nan,nan,0.0,0.0,0.0,0.0,0.0,0.0
nan,nan,4.452874236449134e-06,9.565215441398323e-05,4.452874236449134e-06,9.565215441398323e-05,nan,nan,nan,nan,0.0,0.0,0.0,0.0,0.0,0.0
nan,nan,4.438713403942529e-06,9.276156197302043e-05,4.438713403942529e-06,9.276156197302043e-05,nan,nan,nan,nan,0.0,0.0,0.0,0.0,0.0,0.0
nan,nan,4.455890120880213e-06,9.116979344980791e-05,4.455890120880213e-06,9.116979344980791e-05,nan,nan,nan,nan,0.0,0.0,0.0,0.0,0.0,0.0
nan,nan,4.418520347826416e-06,8.629224612377584e-05,4.418520347826416e-06,8.629224612377584e-05,nan,nan,nan,nan,0.0,0.0,0.0,0.0,0.0,0.0
nan,nan,4.406390871736221e-06,8.26160903670825e-05,4.406390871736221e-06,8.26160903670825e-05,nan,nan,nan,nan,0.0,0.0,0.0,0.0,0.0,0.0
nan,nan,4.3840273065143265e-06,8.656105637783185e-05,4.3840273065143265e-06,8.656105637783185e-05,nan,nan,nan,nan,0.0,0.0,0.0,0.0,0.0,0.0
nan,nan,4.343883119872771e-06,8.881503890734166e-05,4.343883119872771e-06,8.881503890734166e-05,nan,nan,nan,nan,0.0,0.0,0.0,0.0,0.0,0.0
nan,nan,4.2631149881344754e-06,8.428723231190816e-05,4.2631149881344754e-06,8.428723231190816e-05,nan,nan,nan,nan,0.0,0.0,0.0,0.0,0.0,0.0
nan,nan,4.1479815990896896e-06,8.25950046419166e-05,4.1479815990896896e-06,8.25950046419166e-05,nan,nan,nan,nan,0.0,0.0,0.0,0.0,0.0,0.0
nan,nan,4.227010322210845e-06,8.24911767267622e-05,4.227010322210845e-06,8.24911767267622e-05,nan,nan,nan,nan,0.0,0.0,0.0,0.0,0.0,0.0
nan,nan,4.248945060680853e-06,8.201332821045071e-05,4.248945060680853e-06,8.201332821045071e-05,nan,nan,nan,nan,0.0,0.0,0.0,0.0,0.0,0.0
nan,nan,4.1638145376055036e-06,8.357247133972123e-05,4.1638145376055036e-06,8.357247133972123e-05,nan,nan,nan,nan,0.0,0.0,0.0,0.0,0.0,0.0
nan,nan,4.191069820080884e-06,8.500787225784734e-05,4.191069820080884e-06,8.500787225784734e-05,nan,nan,nan,nan,0.0,0.0,0.0,0.0,0.0,0.0
nan,nan,4.21760978497332e-06,8.677937876200303e-05,4.21760978497332e-06,8.677937876200303e-05,nan,nan,nan,nan,0.0,0.0,0.0,0.0,0.0,0.0
nan,nan,4.340779923950322e-06,8.648663788335398e-05,4.340779923950322e-06,8.648663788335398e-05,nan,nan,nan,nan,0.0,0.0,0.0,0.0,0.0,0.0
nan,nan,4.399138106236933e-06,8.979418635135517e-05,4.399138106236933e-06,8.979418635135517e-05,nan,nan,nan,nan,0.0,0.0,0.0,0.0,0.0,0.0
nan,nan,4.377981440484291e-06,9.24391788430512e-05,4.377981440484291e-06,9.24391788430512e-05,nan,nan,nan,nan,0.0,0.0,0.0,0.0,0.0,0.0
nan,nan,4.598688974510878e-06,9.412277722731233e-05,4.598688974510878e-06,9.412277722731233e-05,nan,nan,nan,nan,0.0,0.0,0.0,0.0,0.0,0.0
nan,nan,4.626343070412986e-06,9.226670226780698e-05,4.626343070412986e-06,9.226670226780698e-05,nan,nan,nan,nan,0.0,0.0,0.0,0.0,0.0,0.0
nan,nan,4.6095105972199235e-06,9.380533447256312e-05,4.6095105972199235e-06,9.380533447256312e-05,nan,nan,nan,nan,0.0,0.0,0.0,0.0,0.0,0.0
nan,nan,4.6624331844213884e-06,9.54744900809601e-05,4.6624331844213884e-06,9.54744900809601e-05,nan,nan,nan,nan,0.0,0.0,0.0,0.0,0.0,0.0
nan,nan,4.659108981286408e-06,9.412307554157451e-05,4.659108981286408e-06,9.412307554157451e-05,nan,nan,nan,nan,0.0,0.0,0.0,0.0,0.0,0.0
nan,nan,4.678659479395719e-06,9.513269469607621e-05,4.678659479395719e-06,9.513269469607621e-05,nan,nan,nan,nan,0.0,0.0,0.0,0.0,0.0,0.0
nan,nan,4.701365469372831e-06,9.820877312449738e-05,4.701365469372831e-06,9.820877312449738e-05,nan,nan,nan,nan,0.0,0.0,0.0,0.0,0.0,0.0
nan,nan,4.562927642837167e-06,9.194939048029482e-05,4.562927642837167e-06,9.194939048029482e-05,nan,nan,nan,nan,0.0,0.0,0.0,0.0,0.0,0.0
nan,nan,4.4649227675108705e-06,9.263333777198568e-05,4.4649227675108705e-06,9.263333777198568e-05,nan,nan,nan,nan,0.0,0.0,0.0,0.0,0.0,0.0
nan,nan,4.445257218321785e-06,9.237356425728649e-05,4.445257218321785e-06,9.237356425728649e-05,nan,nan,nan,nan,0.0,0.0,0.0,0.0,0.0,0.0
nan,nan,4.318726041674381e-06,8.871007594279945e-05,4.318726041674381e-06,8.871007594279945e-05,nan,nan,nan,nan,0.0,0.0,0.0,0.0,0.0,0.0
nan,nan,4.273147624189733e-06,8.936833910411224e-05,4.273147624189733e-06,8.936833910411224e-05,nan,nan,nan,nan,0.0,0.0,0.0,0.0,0.0,0.0
nan,nan,4.266269570507575e-06,8.837745554046705e-05,4.266269570507575e-06,8.837745554046705e-05,nan,nan,nan,nan,0.0,0.0,0.0,0.0,0.0,0.0
nan,nan,4.188053480902454e-06,9.098925511352718e-05,4.188053480902454e-06,9.098925511352718e-05,nan,nan,nan,nan,0.0,0.0,0.0,0.0,0.0,0.0
nan,nan,4.196288500679657e-06,8.717281889403239e-05,4.196288500679657e-06,8.717281889403239e-05,nan,nan,nan,nan,0.0,0.0,0.0,0.0,0.0,0.0
nan,nan,4.085841283085756e-06,8.379838254768401e-05,4.085841283085756e-06,8.379838254768401e-05,nan,nan,nan,nan,0.0,0.0,0.0,0.0,0.0,0.0
nan,nan,4.039678515255218e-06,8.368584531126544e-05,4.039678515255218e-06,8.368584531126544e-05,nan,nan,nan,nan,0.0,0.0,0.0,0.0,0.0,0.0
nan,nan,4.044145953230327e-06,8.237404108513147e-05,4.044145953230327e-06,8.237404108513147e-05,nan,nan,nan,nan,0.0,0.0,0.0,0.0,0.0,0.0
nan,nan,4.1015869101102e-06,8.296952000819147e-05,4.1015869101102e-06,8.296952000819147e-05,nan,nan,nan,nan,0.0,0.0,0.0,0.0,0.0,0.0
nan,nan,4.089902631676523e-06,8.397312194574624e-05,4.089902631676523e-06,8.397312194574624e-05,nan,nan,nan,nan,0.0,0.0,0.0,0.0,0.0,0.0
nan,nan,4.056409579789033e-06,8.321447967318818e-05,4.056409579789033e-06,8.321447967318818e-05,nan,nan,nan,nan,0.0,0.0,0.0,0.0,0.0,0.0
nan,nan,4.062990228703711e-06,8.455743227386847e-05,4.062990228703711e-06,8.455743227386847e-05,nan,nan,nan,nan,0.0,0.0,0.0,0.0,0.0,0.0
nan,nan,4.050314601045102e-06,8.356691978406161e-05,4.050314601045102e-06,8.356691978406161e-05,nan,nan,nan,nan,0.0,0.0,0.0,0.0,0.0,0.0
nan,nan,4.183693818049505e-06,8.970541966846213e-05,4.183693818049505e-06,8.970541966846213e-05,nan,nan,nan,nan,0.0,0.0,0.0,0.0,0.0,0.0
nan,nan,4.342865850048838e-06,9.295136987930164e-05,4.342865850048838e-06,9.295136987930164e-05,nan,nan,nan,nan,0.0,0.0,0.0,0.0,0.0,0.0
nan,nan,4.326150701672304e-06,9.583239443600178e-05,4.326150701672304e-06,9.583239443600178e-05,nan,nan,nan,nan,0.0,0.0,0.0,0.0,0.0,0.0
nan,nan,4.435342361830408e-06,9.551493712933734e-05,4.435342361830408e-06,9.551493712933734e-05,nan,nan,nan,nan,0.0,0.0,0.0,0.0,0.0,0.0
nan,nan,4.363346306490712e-06,9.725637937663123e-05,4.363346306490712e-06,9.725637937663123e-05,nan,nan,nan,nan,0.0,0.0,0.0,0.0,0.0,0.0
nan,nan,4.471662123251008e-06,0.00010003392526414245,4.471662123251008e-06,0.00010003392526414245,nan,nan,nan,nan,0.0,0.0,0.0,0.0,0.0,0.0
nan,nan,4.391002221382223e-06,9.368984319735318e-05,4.391002221382223e-06,9.368984319735318e-05,nan,nan,nan,nan,0.0,0.0,0.0,0.0,0.0,0.0
nan,nan,4.38070992458961e-06,9.380770643474534e-05,4.38070992458961e-06,9.380770643474534e-05,nan,nan,nan,nan,0.0,0.0,0.0,0.0,0.0,0.0
nan,nan,4.517391971603502e-06,9.566724475007504e-05,4.517391971603502e-06,9.566724475007504e-05,nan,nan,nan,nan,0.0,0.0,0.0,0.0,0.0,0.0
nan,nan,4.55659392173402e-06,8.866829739417881e-05,4.55659392173402e-06,8.866829739417881e-05,nan,nan,nan,nan,0.0,0.0,0.0,0.0,0.0,0.0
nan,nan,4.48529863206204e-06,9.159650653600693e-05,4.48529863206204e-06,9.159650653600693e-05,nan,nan,nan,nan,0.0,0.0,0.0,0.0,0.0,0.0
nan,nan,4.4378107304510195e-06,9.197786130243912e-05,4.4378107304510195e-06,9.197786130243912e-05,nan,nan,nan,nan,0.0,0.0,0.0,0.0,0.0,0.0
nan,nan,4.469466148293577e-06,9.128302190219983e-05,4.469466148293577e-06,9.128302190219983e-05,nan,nan,nan,nan,0.0,0.0,0.0,0.0,0.0,0.0
nan,nan,4.366248504084069e-06,9.161539492197335e-05,4.366248504084069e-06,9.161539492197335e-05,nan,nan,nan,nan,0.0,0.0,0.0,0.0,0.0,0.0
nan,nan,4.178617928118911e-06,9.049276559380814e-05,4.178617928118911e-06,9.049276559380814e-05,nan,nan,nan,nan,0.0,0.0,0.0,0.0,0.0,0.0
nan,nan,4.17323099100031e-06,8.970411727204919e-05,4.17323099100031e-06,8.970411727204919e-05,nan,nan,nan,nan,0.0,0.0,0.0,0.0,0.0,0.0
nan,nan,4.241493115841877e-06,9.106469951802865e-05,4.241493115841877e-06,9.106469951802865e-05,nan,nan,nan,nan,0.0,0.0,0.0,0.0,0.0,0.0
nan,nan,4.186379555903841e-06,8.674705168232322e-05,4.186379555903841e-06,8.674705168232322e-05,nan,nan,nan,nan,0.0,0.0,0.0,0.0,0.0,0.0
nan,nan,4.085472482984187e-06,9.013243106892332e-05,4.085472482984187e-06,9.013243106892332e-05,nan,nan,nan,nan,0.0,0.0,0.0,0.0,0.0,0.0
nan,nan,4.125910436414415e-06,9.506305650575086e-05,4.125910436414415e-06,9.506305650575086e-05,nan,nan,nan,nan,0.0,0.0,0.0,0.0,0.0,0.0
nan,nan,4.07046900363639e-06,8.93632386578247e-05,4.07046900363639e-06,8.93632386578247e-05,nan,nan,nan,nan,0.0,0.0,0.0,0.0,0.0,0.0
nan,nan,4.081987754034344e-06,9.399736154591665e-05,4.081987754034344e-06,9.399736154591665e-05,nan,nan,nan,nan,0.0,0.0,0.0,0.0,0.0,0.0
nan,nan,4.10607071898994e-06,9.278997458750382e-05,4.10607071898994e-06,9.278997458750382e-05,nan,nan,nan,nan,0.0,0.0,0.0,0.0,0.0,0.0
nan,nan,4.139656539337011e-06,9.565115033183247e-05,4.139656539337011e-06,9.565115033183247e-05,nan,nan,nan,nan,0.0,0.0,0.0,0.0,0.0,0.0
nan,nan,4.233363597450079e-06,9.97103561530821e-05,4.233363597450079e-06,9.97103561530821e-05,nan,nan,nan,nan,0.0,0.0,0.0,0.0,0.0,0.0
nan,nan,4.207715846860083e-06,9.812319331103936e-05,4.207715846860083e-06,9.812319331103936e-05,nan,nan,nan,nan,0.0,0.0,0.0,0.0,0.0,0.0
nan,nan,4.304716640035622e-06,0.00010465874220244586,4.304716640035622e-06,0.00010465874220244586,nan,nan,nan,nan,0.0,0.0,0.0,0.0,0.0,0.0
nan,nan,4.3719833229260985e-06,0.00010442386701470241,4.3719833229260985e-06,0.00010442386701470241,nan,nan,nan,nan,0.0,0.0,0.0,0.0,0.0,0.0
nan,nan,4.377926416054834e-06,0.00010195827053394169,4.377926416054834e-06,0.00010195827053394169,nan,nan,nan,nan,0.0,0.0,0.0,0.0,0.0,0.0
nan,nan,4.37269181929878e-06,0.00010253611981170252,4.37269181929878e-06,0.00010253611981170252,nan,nan,nan,nan,0.0,0.0,0.0,0.0,0.0,0.0
nan,nan,4.532656930678058e-06,0.0001048097328748554,4.532656930678058e-06,0.0001048097328748554,nan,nan,nan,nan,0.0,0.0,0.0,0.0,0.0,0.0
nan,nan,4.55453664471861e-06,0.00010454845323693007,4.55453664471861e-06,0.00010454845323693007,nan,nan,nan,nan,0.0,0.0,0.0,0.0,0.0,0.0
nan,nan,4.5790143303747755e-06,0.00010781628225231543,4.5790143303747755e-06,0.00010781628225231543,nan,nan,nan,nan,0.0,0.0,0.0,0.0,0.0,0.0
nan,nan,4.420930054038763e-06,0.00010663436114555225,4.420930054038763e-06,0.00010663436114555225,nan,nan,nan,nan,0.0,0.0,0.0,0.0,0.0,0.0
nan,nan,4.3015538722102065e-06,0.00010766033665277064,4.3015538722102065e-06,0.00010766033665277064,nan,nan,nan,nan,0.0,0.0,0.0,0.0,0.0,0.0
nan,nan,4.294882728572702e-06,0.00010738409037003294,4.294882728572702e-06,0.00010738409037003294,nan,nan,nan,nan,0.0,0.0,0.0,0.0,0.0,0.0
nan,nan,4.351477400632575e-06,0.0001108183350879699,4.351477400632575e-06,0.0001108183350879699,nan,nan,nan,nan,0.0,0.0,0.0,0.0,0.0,0.0
nan,nan,4.301151875552023e-06,0.00010911155550274998,4.301151875552023e-06,0.00010911155550274998,nan,nan,nan,nan,0.0,0.0,0.0,0.0,0.0,0.0
nan,nan,4.307410108594922e-06,0.00010702031431719661,4.307410108594922e-06,0.00010702031431719661,nan,nan,nan,nan,0.0,0.0,0.0,0.0,0.0,0.0
nan,nan,4.303867626731517e-06,0.0001036681787809357,4.303867626731517e-06,0.0001036681787809357,nan,nan,nan,nan,0.0,0.0,0.0,0.0,0.0,0.0
nan,nan,4.3827653826156165e-06,0.0001064680254785344,4.3827653826156165e-06,0.0001064680254785344,nan,nan,nan,nan,0.0,0.0,0.0,0.0,0.0,0.0
nan,nan,4.427281055541243e-06,0.0001078874702216126,4.427281055541243e-06,0.0001078874702216126,nan,nan,nan,nan,0.0,0.0,0.0,0.0,0.0,0.0
nan,nan,4.436587005329784e-06,0.00010040524648502469,4.436587005329784e-06,0.00010040524648502469,nan,nan,nan,nan,0.0,0.0,0.0,0.0,0.0,0.0
nan,nan,4.480642928683665e-06,0.0001061404836946167,4.480642928683665e-06,0.0001061404836946167,nan,nan,nan,nan,0.0,0.0,0.0,0.0,0.0,0.0
nan,nan,4.479512426769361e-06,0.00011010119487764314,4.479512426769361e-06,0.00011010119487764314,nan,nan,nan,nan,0.0,0.0,0.0,0.0,0.0,0.0
nan,nan,4.332726348366123e-06,0.00010541170922806486,4.332726348366123e-06,0.00010541170922806486,nan,nan,nan,nan,0.0,0.0,0.0,0.0,0.0,0.0
nan,nan,4.261790763848694e-06,0.00010810980893438682,4.261790763848694e-06,0.00010810980893438682,nan,nan,nan,nan,0.0,0.0,0.0,0.0,0.0,0.0
nan,nan,4.3646373342198785e-06,0.00011189937504241243,4.3646373342198785e-06,0.00011189937504241243,nan,nan,nan,nan,0.0,0.0,0.0,0.0,0.0,0.0
nan,nan,4.287551746529061e-06,0.0001104499606299214,4.287551746529061e-06,0.0001104499606299214,nan,nan,nan,nan,0.0,0.0,0.0,0.0,0.0,0.0
nan,nan,4.3353784349164926e-06,0.00011292169074295089,4.3353784349164926e-06,0.00011292169074295089,nan,nan,nan,nan,0.0,0.0,0.0,0.0,0.0,0.0
nan,nan,4.377525328891352e-06,0.00011306744272587821,4.377525328891352e-06,0.00011306744272587821,nan,nan,nan,nan,0.0,0.0,0.0,0.0,0.0,0.0
nan,nan,4.453841029317118e-06,0.00011498718231450766,4.453841029317118e-06,0.00011498718231450766,nan,nan,nan,nan,0.0,0.0,0.0,0.0,0.0,0.0
nan,nan,4.51311279903166e-06,0.00011353659647284076,4.51311279903166e-06,0.00011353659647284076,nan,nan,nan,nan,0.0,0.0,0.0,0.0,0.0,0.0
nan,nan,4.475194600672694e-06,0.00011381536023691297,4.475194600672694e-06,0.00011381536023691297,nan,nan,nan,nan,0.0,0.0,0.0,0.0,0.0,0.0
nan,nan,4.672928298532497e-06,0.00011260295286774635,4.672928298532497e-06,0.00011260295286774635,nan,nan,nan,nan,0.0,0.0,0.0,0.0,0.0,0.0
nan,nan,4.659131718653953e-06,0.00011259548045927659,4.659131718653953e-06,0.00011259548045927659,nan,nan,nan,nan,0.0,0.0,0.0,0.0,0.0,0.0
nan,nan,4.5640863390872255e-06,0.00010961110092466697,4.5640863390872255e-06,0.00010961110092466697,nan,nan,nan,nan,0.0,0.0,0.0,0.0,0.0,0.0
nan,nan,4.664861535275122e-06,0.00010835658031282946,4.664861535275122e-06,0.00010835658031282946,nan,nan,nan,nan,0.0,0.0,0.0,0.0,0.0,0.0
nan,nan,4.6572617975471076e-06,0.00010490460408618674,4.6572617975471076e-06,0.00010490460408618674,nan,nan,nan,nan,0.0,0.0,0.0,0.0,0.0,0.0
nan,nan,4.5337742449191865e-06,0.0001039232374751009,4.5337742449191865e-06,0.0001039232374751009,nan,nan,nan,nan,0.0,0.0,0.0,0.0,0.0,0.0
nan,nan,4.58018121207715e-06,0.00010733279486885294,4.58018121207715e-06,0.00010733279486885294,nan,nan,nan,nan,0.0,0.0,0.0,0.0,0.0,0.0
nan,nan,4.468520728551084e-06,0.00010542395466472954,4.468520728551084e-06,0.00010542395466472954,nan,nan,nan,nan,0.0,0.0,0.0,0.0,0.0,0.0
nan,nan,4.404932042234577e-06,0.00010631490295054391,4.404932042234577e-06,0.00010631490295054391,nan,nan,nan,nan,0.0,0.0,0.0,0.0,0.0,0.0
nan,nan,4.239487680024467e-06,0.00010557320638326928,4.239487680024467e-06,0.00010557320638326928,nan,nan,nan,nan,0.0,0.0,0.0,0.0,0.0,0.0
nan,nan,4.272491878509754e-06,0.00010314325481886044,4.272491878509754e-06,0.00010314325481886044,nan,nan,nan,nan,0.0,0.0,0.0,0.0,0.0,0.0
nan,nan,4.280114353605313e-06,0.00010067567927762866,4.280114353605313e-06,0.00010067567927762866,nan,nan,nan,nan,0.0,0.0,0.0,0.0,0.0,0.0
nan,nan,4.431644356372999e-06,9.690222941571847e-05,4.431644356372999e-06,9.690222941571847e-05,nan,nan,nan,nan,0.0,0.0,0.0,0.0,0.0,0.0
nan,nan,4.427067324286327e-06,9.577979653840885e-05,4.427067324286327e-06,9.577979653840885e-05,nan,nan,nan,nan,0.0,0.0,0.0,0.0,0.0,0.0
nan,nan,4.441393684828654e-06,9.793831122806296e-05,4.441393684828654e-06,9.793831122806296e-05,nan,nan,nan,nan,0.0,0.0,0.0,0.0,0.0,0.0
nan,nan,4.430118224263424e-06,9.285023406846449e-05,4.430118224263424e-06,9.285023406846449e-05,nan,nan,nan,nan,0.0,0.0,0.0,0.0,0.0,0.0
nan,nan,4.401739261084003e-06,9.451530786463991e-05,4.401739261084003e-06,9.451530786463991e-05,nan,nan,nan,nan,0.0,0.0,0.0,0.0,0.0,0.0
nan,nan,4.429648924997309e-06,9.68558233580552e-05,4.429648924997309e-06,9.68558233580552e-05,nan,nan,nan,nan,0.0,0.0,0.0,0.0,0.0,0.0
nan,nan,4.540264853858389e-06,9.815888188313693e-05,4.540264853858389e-06,9.815888188313693e-05,nan,nan,nan,nan,0.0,0.0,0.0,0.0,0.0,0.0
nan,nan,4.467236522032181e-06,9.519457671558484e-05,4.467236522032181e-06,9.519457671558484e-05,nan,nan,nan,nan,0.0,0.0,0.0,0.0,0.0,0.0
nan,nan,4.519477442954667e-06,9.563699131831527e-05,4.519477442954667e-06,9.563699131831527e-05,nan,nan,nan,nan,0.0,0.0,0.0,0.0,0.0,0.0
nan,nan,4.4990597416472156e-06,9.599296026863158e-05,4.4990597416472156e-06,9.599296026863158e-05,nan,nan,nan,nan,0.0,0.0,0.0,0.0,0.0,0.0
nan,nan,4.600424290401861e-06,9.485999908065423e-05,4.600424290401861e-06,9.485999908065423e-05,nan,nan,nan,nan,0.0,0.0,0.0,0.0,0.0,0.0
nan,nan,4.5439273890224285e-06,9.53926210058853e-05,4.5439273890224285e-06,9.53926210058853e-05,nan,nan,nan,nan,0.0,0.0,0.0,0.0,0.0,0.0
nan,nan,4.473178250918863e-06,9.61283512879163e-05,4.473178250918863e-06,9.61283512879163e-05,nan,nan,nan,nan,0.0,0.0,0.0,0.0,0.0,0.0
nan,nan,4.704289494839031e-06,9.608021355234087e-05,4.704289494839031e-06,9.608021355234087e-05,nan,nan,nan,nan,0.0,0.0,0.0,0.0,0.0,0.0
nan,nan,4.678464392782189e-06,9.482349560130388e-05,4.678464392782189e-06,9.482349560130388e-05,nan,nan,nan,nan,0.0,0.0,0.0,0.0,0.0,0.0
nan,nan,4.736889877676731e-06,9.358857641927898e-05,4.736889877676731e-06,9.358857641927898e-05,nan,nan,nan,nan,0.0,0.0,0.0,0.0,0.0,0.0
nan,nan,4.79714026369038e-06,9.631558350520208e-05,4.79714026369038e-06,9.631558350520208e-05,nan,nan,nan,nan,0.0,0.0,0.0,0.0,0.0,0.0
nan,nan,4.6266413846751675e-06,9.718679211800918e-05,4.6266413846751675e-06,9.718679211800918e-05,nan,nan,nan,nan,0.0,0.0,0.0,0.0,0.0,0.0
nan,nan,4.658388206735253e-06,9.428041812498122e-05,4.658388206735253e-06,9.428041812498122e-05,nan,nan,nan,nan,0.0,0.0,0.0,0.0,0.0,0.0
nan,nan,4.630501734936843e-06,9.400807175552472e-05,4.630501734936843e-06,9.400807175552472e-05,nan,nan,nan,nan,0.0,0.0,0.0,0.0,0.0,0.0
nan,nan,4.559354692901252e-06,9.240765211870894e-05,4.559354692901252e-06,9.240765211870894e-05,nan,nan,nan,nan,0.0,0.0,0.0,0.0,0.0,0.0
nan,nan,4.637370693671983e-06,8.942093700170517e-05,4.637370693671983e-06,8.942093700170517e-05,nan,nan,nan,nan,0.0,0.0,0.0,0.0,0.0,0.0
nan,nan,4.524435553321382e-06,8.982615690911189e-05,4.524435553321382e-06,8.982615690911189e-05,nan,nan,nan,nan,0.0,0.0,0.0,0.0,0.0,0.0
nan,nan,4.513550265983213e-06,8.820492803351954e-05,4.513550265983213e-06,8.820492803351954e-05,nan,nan,nan,nan,0.0,0.0,0.0,0.0,0.0,0.0
nan,nan,4.539417204796337e-06,8.528426405973732e-05,4.539417204796337e-06,8.528426405973732e-05,nan,nan,nan,nan,0.0,0.0,0.0,0.0,0.0,0.0
nan,nan,4.424674443725962e-06,8.477592200506479e-05,4.424674443725962e-06,8.477592200506479e-05,nan,nan,nan,nan,0.0,0.0,0.0,0.0,0.0,0.0
nan,nan,4.510894541454036e-06,8.65915571921505e-05,4.510894541454036e-06,8.65915571921505e-05,nan,nan,nan,nan,0.0,0.0,0.0,0.0,0.0,0.0
nan,nan,4.521576556726359e-06,8.807930134935305e-05,4.521576556726359e-06,8.807930134935305e-05,nan,nan,nan,nan,0.0,0.0,0.0,0.0,0.0,0.0
nan,nan,4.437561528902734e-06,8.8127599155996e-05,4.437561528902734e-06,8.8127599155996e-05,nan,nan,nan,nan,0.0,0.0,0.0,0.0,0.0,0.0
nan,nan,4.427571184351109e-06,8.776002505328506e-05,4.427571184351109e-06,8.776002505328506e-05,nan,nan,nan,nan,0.0,0.0,0.0,0.0,0.0,0.0
nan,nan,4.413969236338744e-06,9.038403368322179e-05,4.413969236338744e-06,9.038403368322179e-05,nan,nan,nan,nan,0.0,0.0,0.0,0.0,0.0,0.0
nan,nan,4.354669272288447e-06,8.541724673705176e-05,4.354669272288447e-06,8.541724673705176e-05,nan,nan,nan,nan,0.0,0.0,0.0,0.0,0.0,0.0
nan,nan,4.553783583105542e-06,8.934437937568873e-05,4.553783583105542e-06,8.934437937568873e-05,nan,nan,nan,nan,0.0,0.0,0.0,0.0,0.0,0.0
nan,nan,4.4955872908758465e-06,9.327466250397265e-05,4.4955872908758465e-06,9.327466250397265e-05,nan,nan,nan,nan,0.0,0.0,0.0,0.0,0.0,0.0
nan,nan,4.572495981847169e-06,9.370290354127064e-05,4.572495981847169e-06,9.370290354127064e-05,nan,nan,nan,nan,0.0,0.0,0.0,0.0,0.0,0.0
nan,nan,4.5535080062109046e-06,8.796445035841316e-05,4.5535080062109046e-06,8.796445035841316e-05,nan,nan,nan,nan,0.0,0.0,0.0,0.0,0.0,0.0
nan,nan,4.479236849874724e-06,8.915690705180168e-05,4.479236849874724e-06,8.915690705180168e-05,nan,nan,nan,nan,0.0,0.0,0.0,0.0,0.0,0.0
nan,nan,4.535451807896607e-06,8.91075687832199e-05,4.535451807896607e-06,8.91075687832199e-05,nan,nan,nan,nan,0.0,0.0,0.0,0.0,0.0,0.0
nan,nan,4.615533271135064e-06,9.45808642427437e-05,4.615533271135064e-06,9.45808642427437e-05,nan,nan,nan,nan,0.0,0.0,0.0,0.0,0.0,0.0
nan,nan,4.560431534628151e-06,9.082125325221568e-05,4.560431534628151e-06,9.082125325221568e-05,nan,nan,nan,nan,0.0,0.0,0.0,0.0,0.0,0.0
nan,nan,4.55917916042381e-06,8.742274076212198e-05,4.55917916042381e-06,8.742274076212198e-05,nan,nan,nan,nan,0.0,0.0,0.0,0.0,0.0,0.0
nan,nan,4.608558356267167e-06,9.26805441849865e-05,4.608558356267167e-06,9.26805441849865e-05,nan,nan,nan,nan,0.0,0.0,0.0,0.0,0.0,0.0
nan,nan,4.523329607764026e-06,8.809180872049183e-05,4.523329607764026e-06,8.809180872049183e-05,nan,nan,nan,nan,0.0,0.0,0.0,0.0,0.0,0.0
nan,nan,4.488088507059729e-06,8.702018385520205e-05,4.488088507059729e-06,8.702018385520205e-05,nan,nan,nan,nan,0.0,0.0,0.0,0.0,0.0,0.0
nan,nan,4.493298547458835e-06,8.940514089772478e-05,4.493298547458835e-06,8.940514089772478e-05,nan,nan,nan,nan,0.0,0.0,0.0,0.0,0.0,0.0
nan,nan,4.4350549615046475e-06,8.604190952610224e-05,4.4350549615046475e-06,8.604190952610224e-05,nan,nan,nan,nan,0.0,0.0,0.0,0.0,0.0,0.0
nan,nan,4.347760295786429e-06,8.72829114086926e-05,4.347760295786429e-06,8.72829114086926e-05,nan,nan,nan,nan,0.0,0.0,0.0,0.0,0.0,0.0
nan,nan,4.308260031393729e-06,8.81874657352455e-05,4.308260031393729e-06,8.81874657352455e-05,nan,nan,nan,nan,0.0,0.0,0.0,0.0,0.0,0.0
nan,nan,4.230758804624202e-06,8.907084702514112e-05,4.230758804624202e-06,8.907084702514112e-05,nan,nan,nan,nan,0.0,0.0,0.0,0.0,0.0,0.0
nan,nan,4.2126557673327625e-06,8.771988359512761e-05,4.2126557673327625e-06,8.771988359512761e-05,nan,nan,nan,nan,0.0,0.0,0.0,0.0,0.0,0.0
nan,nan,4.142709713050863e-06,8.638887811684981e-05,4.142709713050863e-06,8.638887811684981e-05,nan,nan,nan,nan,0.0,0.0,0.0,0.0,0.0,0.0
nan,nan,4.3314894355717115e-06,8.810251165414229e-05,4.3314894355717115e-06,8.810251165414229e-05,nan,nan,nan,nan,0.0,0.0,0.0,0.0,0.0,0.0
nan,nan,4.316671493143076e-06,8.710369729669765e-05,4.316671493143076e-06,8.710369729669765e-05,nan,nan,nan,nan,0.0,0.0,0.0,0.0,0.0,0.0
nan,nan,4.2375245357106905e-06,8.820914081297815e-05,4.2375245357106905e-06,8.820914081297815e-05,nan,nan,nan,nan,0.0,0.0,0.0,0.0,0.0,0.0
nan,nan,4.287959200155456e-06,9.24223568290472e-05,4.287959200155456e-06,9.24223568290472e-05,nan,nan,nan,nan,0.0,0.0,0.0,0.0,0.0,0.0
nan,nan,4.148685093241511e-06,9.599995973985642e-05,4.148685093241511e-06,9.599995973985642e-05,nan,nan,nan,nan,0.0,0.0,0.0,0.0,0.0,0.0
nan,nan,4.2378851503599435e-06,9.407124161953107e-05,4.2378851503599435e-06,9.407124161953107e-05,nan,nan,nan,nan,0.0,0.0,0.0,0.0,0.0,0.0
nan,nan,4.258448825567029e-06,9.698411304270849e-05,4.258448825567029e-06,9.698411304270849e-05,nan,nan,nan,nan,0.0,0.0,0.0,0.0,0.0,0.0
nan,nan,4.191962489130674e-06,9.817567479331046e-05,4.191962489130674e-06,9.817567479331046e-05,nan,nan,nan,nan,0.0,0.0,0.0,0.0,0.0,0.0
nan,nan,4.327128863224061e-06,0.00010079720959765837,4.327128863224061e-06,0.00010079720959765837,nan,nan,nan,nan,0.0,0.0,0.0,0.0,0.0,0.0
nan,nan,4.35442461821367e-06,0.00010020079207606614,4.35442461821367e-06,0.00010020079207606614,nan,nan,nan,nan,0.0,0.0,0.0,0.0,0.0,0.0
nan,nan,4.5700344344368204e-06,0.00010660906991688535,4.5700344344368204e-06,0.00010660906991688535,nan,nan,nan,nan,0.0,0.0,0.0,0.0,0.0,0.0
nan,nan,4.566093593894038e-06,0.00010545441909926012,4.566093593894038e-06,0.00010545441909926012,nan,nan,nan,nan,0.0,0.0,0.0,0.0,0.0,0.0
nan,nan,4.498832822719123e-06,0.00010468808613950387,4.498832822719123e-06,0.00010468808613950387,nan,nan,nan,nan,0.0,0.0,0.0,0.0,0.0,0.0
nan,nan,4.449144853424514e-06,0.0001004906662274152,4.449144853424514e-06,0.0001004906662274152,nan,nan,nan,nan,0.0,0.0,0.0,0.0,0.0,0.0
nan,nan,4.501994681049837e-06,0.0001014034787658602,4.501994681049837e-06,0.0001014034787658602,nan,nan,nan,nan,0.0,0.0,0.0,0.0,0.0,0.0
nan,nan,4.45604791821097e-06,9.818018588703126e-05,4.45604791821097e-06,9.818018588703126e-05,nan,nan,nan,nan,0.0,0.0,0.0,0.0,0.0,0.0
nan,nan,4.447951596375788e-06,0.00010138566722162068,4.447951596375788e-06,0.00010138566722162068,nan,nan,nan,nan,0.0,0.0,0.0,0.0,0.0,0.0
nan,nan,4.451724635146093e-06,9.611861605662853e-05,4.451724635146093e-06,9.611861605662853e-05,nan,nan,nan,nan,0.0,0.0,0.0,0.0,0.0,0.0
nan,nan,4.421496214490617e-06,9.46612999541685e-05,4.421496214490617e-06,9.46612999541685e-05,nan,nan,nan,nan,0.0,0.0,0.0,0.0,0.0,0.0
nan,nan,4.4052230805391446e-06,9.454155951971188e-05,4.4052230805391446e-06,9.454155951971188e-05,nan,nan,nan,nan,0.0,0.0,0.0,0.0,0.0,0.0
nan,nan,4.3523773456399795e-06,9.329601016361266e-05,4.3523773456399795e-06,9.329601016361266e-05,nan,nan,nan,nan,0.0,0.0,0.0,0.0,0.0,0.0
nan,nan,4.3773584366135765e-06,9.787274757400155e-05,4.3773584366135765e-06,9.787274757400155e-05,nan,nan,nan,nan,0.0,0.0,0.0,0.0,0.0,0.0
nan,nan,4.364500455267262e-06,9.698235226096585e-05,4.364500455267262e-06,9.698235226096585e-05,nan,nan,nan,nan,0.0,0.0,0.0,0.0,0.0,0.0
nan,nan,4.136596999160247e-06,9.649578714743257e-05,4.136596999160247e-06,9.649578714743257e-05,nan,nan,nan,nan,0.0,0.0,0.0,0.0,0.0,0.0
nan,nan,4.250943675287999e-06,9.890219371300191e-05,4.250943675287999e-06,9.890219371300191e-05,nan,nan,nan,nan,0.0,0.0,0.0,0.0,0.0,0.0
nan,nan,4.2682136154326145e-06,9.858863631961867e-05,4.2682136154326145e-06,9.858863631961867e-05,nan,nan,nan,nan,0.0,0.0,0.0,0.0,0.0,0.0
nan,nan,4.200080184091348e-06,0.0001005365775199607,4.200080184091348e-06,0.0001005365775199607,nan,nan,nan,nan,0.0,0.0,0.0,0.0,0.0,0.0
nan,nan,4.308169991418254e-06,0.00010354848927818239,4.308169991418254e-06,0.00010354848927818239,nan,nan,nan,nan,0.0,0.0,0.0,0.0,0.0,0.0
nan,nan,4.303754394641146e-06,9.783686982700601e-05,4.303754394641146e-06,9.783686982700601e-05,nan,nan,nan,nan,0.0,0.0,0.0,0.0,0.0,0.0
nan,nan,4.477598849916831e-06,0.00010255331289954484,4.477598849916831e-06,0.00010255331289954484,nan,nan,nan,nan,0.0,0.0,0.0,0.0,0.0,0.0
nan,nan,4.39783889305545e-06,0.00010702018334995955,4.39783889305545e-06,0.00010702018334995955,nan,nan,nan,nan,0.0,0.0,0.0,0.0,0.0,0.0
nan,nan,4.460886430024402e-06,0.00010748724162112921,4.460886430024402e-06,0.00010748724162112921,nan,nan,nan,nan,0.0,0.0,0.0,0.0,0.0,0.0
nan,nan,4.494096629059641e-06,0.00010502892837394029,4.494096629059641e-06,0.00010502892837394029,nan,nan,nan,nan,0.0,0.0,0.0,0.0,0.0,0.0
nan,nan,4.615305897459621e-06,0.00010569438018137589,4.615305897459621e-06,0.00010569438018137589,nan,nan,nan,nan,0.0,0.0,0.0,0.0,0.0,0.0
nan,nan,4.567796167975757e-06,0.00010802071483340114,4.567796167975757e-06,0.00010802071483340114,nan,nan,nan,nan,0.0,0.0,0.0,0.0,0.0,0.0
nan,nan,4.617035301635042e-06,0.00010619499516906217,4.617035301635042e-06,0.00010619499516906217,nan,nan,nan,nan,0.0,0.0,0.0,0.0,0.0,0.0
nan,nan,4.730314685730264e-06,0.00010632261546561494,4.730314685730264e-06,0.00010632261546561494,nan,nan,nan,nan,0.0,0.0,0.0,0.0,0.0,0.0
nan,nan,4.695027200796176e-06,0.00010500396456336603,4.695027200796176e-06,0.00010500396456336603,nan,nan,nan,nan,0.0,0.0,0.0,0.0,0.0,0.0
nan,nan,4.707970219897106e-06,9.912321547744796e-05,4.707970219897106e-06,9.912321547744796e-05,nan,nan,nan,nan,0.0,0.0,0.0,0.0,0.0,0.0
nan,nan,4.792972958966857e-06,0.0001016862879623659,4.792972958966857e-06,0.0001016862879623659,nan,nan,nan,nan,0.0,0.0,0.0,0.0,0.0,0.0
nan,nan,4.703305421571713e-06,9.582636266713962e-05,4.703305421571713e-06,9.582636266713962e-05,nan,nan,nan,nan,0.0,0.0,0.0,0.0,0.0,0.0
nan,nan,4.60419914816157e-06,9.67231098911725e-05,4.60419914816157e-06,9.67231098911725e-05,nan,nan,nan,nan,0.0,0.0,0.0,0.0,0.0,0.0
nan,nan,4.569174961943645e-06,9.484868496656418e-05,4.569174961943645e-06,9.484868496656418e-05,nan,nan,nan,nan,0.0,0.0,0.0,0.0,0.0,0.0
nan,nan,4.5204601519799326e-06,9.164900257019326e-05,4.5204601519799326e-06,9.164900257019326e-05,nan,nan,nan,nan,0.0,0.0,0.0,0.0,0.0,0.0
nan,nan,4.307314156903885e-06,8.785414684098214e-05,4.307314156903885e-06,8.785414684098214e-05,nan,nan,nan,nan,0.0,0.0,0.0,0.0,0.0,0.0
nan,nan,4.135052222409286e-06,8.885695569915697e-05,4.135052222409286e-06,8.885695569915697e-05,nan,nan,nan,nan,0.0,0.0,0.0,0.0,0.0,0.0
nan,nan,4.085000000486616e-06,8.871089085005224e-05,4.085000000486616e-06,8.871089085005224e-05,nan,nan,nan,nan,0.0,0.0,0.0,0.0,0.0,0.0
nan,nan,4.09541053159046e-06,8.817198977340013e-05,4.09541053159046e-06,8.817198977340013e-05,nan,nan,nan,nan,0.0,0.0,0.0,0.0,0.0,0.0
nan,nan,4.0377713048656005e-06,8.515452645951882e-05,4.0377713048656005e-06,8.515452645951882e-05,nan,nan,nan,nan,0.0,0.0,0.0,0.0,0.0,0.0
nan,nan,4.018840627395548e-06,8.372198499273509e-05,4.018840627395548e-06,8.372198499273509e-05,nan,nan,nan,nan,0.0,0.0,0.0,0.0,0.0,0.0
nan,nan,4.0630129660712555e-06,8.973938383860514e-05,4.0630129660712555e-06,8.973938383860514e-05,nan,nan,nan,nan,0.0,0.0,0.0,0.0,0.0,0.0
nan,nan,4.107039785594679e-06,8.384104148717597e-05,4.107039785594679e-06,8.384104148717597e-05,nan,nan,nan,nan,0.0,0.0,0.0,0.0,0.0,0.0
nan,nan,4.15014665122726e-06,8.492016058880836e-05,4.15014665122726e-06,8.492016058880836e-05,nan,nan,nan,nan,0.0,0.0,0.0,0.0,0.0,0.0
nan,nan,4.127255124330986e-06,8.571522630518302e-05,4.127255124330986e-06,8.571522630518302e-05,nan,nan,nan,nan,0.0,0.0,0.0,0.0,0.0,0.0
nan,nan,4.0212853491539136e-06,9.220540232490748e-05,4.0212853491539136e-06,9.220540232490748e-05,nan,nan,nan,nan,0.0,0.0,0.0,0.0,0.0,0.0
nan,nan,4.192796950519551e-06,8.976828394224867e-05,4.192796950519551e-06,8.976828394224867e-05,nan,nan,nan,nan,0.0,0.0,0.0,0.0,0.0,0.0
nan,nan,4.1818307181529235e-06,9.079487790586427e-05,4.1818307181529235e-06,9.079487790586427e-05,nan,nan,nan,nan,0.0,0.0,0.0,0.0,0.0,0.0
nan,nan,4.218730737193255e-06,8.789051207713783e-05,4.218730737193255e-06,8.789051207713783e-05,nan,nan,nan,nan,0.0,0.0,0.0,0.0,0.0,0.0
nan,nan,4.249890480423346e-06,9.118748130276799e-05,4.249890480423346e-06,9.118748130276799e-05,nan,nan,nan,nan,0.0,0.0,0.0,0.0,0.0,0.0
nan,nan,4.211517079966143e-06,8.505024015903473e-05,4.211517079966143e-06,8.505024015903473e-05,nan,nan,nan,nan,0.0,0.0,0.0,0.0,0.0,0.0
nan,nan,4.230119884596206e-06,8.793520100880414e-05,4.230119884596206e-06,8.793520100880414e-05,nan,nan,nan,nan,0.0,0.0,0.0,0.0,0.0,0.0
nan,nan,4.266325959179085e-06,8.75462283147499e-05,4.266325959179085e-06,8.75462283147499e-05,nan,nan,nan,nan,0.0,0.0,0.0,0.0,0.0,0.0
nan,nan,4.37481048720656e-06,8.812164014670998e-05,4.37481048720656e-06,8.812164014670998e-05,nan,nan,nan,nan,0.0,0.0,0.0,0.0,0.0,0.0
nan,nan,4.362516847322695e-06,8.572710066800937e-05,4.362516847322695e-06,8.572710066800937e-05,nan,nan,nan,nan,0.0,0.0,0.0,0.0,0.0,0.0
nan,nan,4.346047717262991e-06,8.426400745520368e-05,4.346047717262991e-06,8.426400745520368e-05,nan,nan,nan,nan,0.0,0.0,0.0,0.0,0.0,0.0
nan,nan,4.5161468733567744e-06,8.669152884976938e-05,4.5161468733567744e-06,8.669152884976938e-05,nan,nan,nan,nan,0.0,0.0,0.0,0.0,0.0,0.0
nan,nan,4.483939392230241e-06,8.605556649854407e-05,4.483939392230241e-06,8.605556649854407e-05,nan,nan,nan,nan,0.0,0.0,0.0,0.0,0.0,0.0
nan,nan,4.518608875514474e-06,8.497437374899164e-05,4.518608875514474e-06,8.497437374899164e-05,nan,nan,nan,nan,0.0,0.0,0.0,0.0,0.0,0.0
nan,nan,4.397821157908766e-06,8.254532440332696e-05,4.397821157908766e-06,8.254532440332696e-05,nan,nan,nan,nan,0.0,0.0,0.0,0.0,0.0,0.0
nan,nan,4.468372026167344e-06,7.853091665310785e-05,4.468372026167344e-06,7.853091665310785e-05,nan,nan,nan,nan,0.0,0.0,0.0,0.0,0.0,0.0
nan,nan,4.431131401361199e-06,8.08176482678391e-05,4.431131401361199e-06,8.08176482678391e-05,nan,nan,nan,nan,0.0,0.0,0.0,0.0,0.0,0.0
nan,nan,4.510257440415444e-06,8.094457734841853e-05,4.510257440415444e-06,8.094457734841853e-05,nan,nan,nan,nan,0.0,0.0,0.0,0.0,0.0,0.0
nan,nan,4.494272161537083e-06,7.557692879345268e-05,4.494272161537083e-06,7.557692879345268e-05,nan,nan,nan,nan,0.0,0.0,0.0,0.0,0.0,0.0
nan,nan,4.4742828322341666e-06,7.513553282478824e-05,4.4742828322341666e-06,7.513553282478824e-05,nan,nan,nan,nan,0.0,0.0,0.0,0.0,0.0,0.0
nan,nan,4.578899734042352e-06,7.57456073188223e-05,4.578899734042352e-06,7.57456073188223e-05,nan,nan,nan,nan,0.0,0.0,0.0,0.0,0.0,0.0
nan,nan,4.542438091448275e-06,7.400432514259592e-05,4.542438091448275e-06,7.400432514259592e-05,nan,nan,nan,nan,0.0,0.0,0.0,0.0,0.0,0.0
nan,nan,4.486338184506167e-06,7.762984023429453e-05,4.486338184506167e-06,7.762984023429453e-05,nan,nan,nan,nan,0.0,0.0,0.0,0.0,0.0,0.0
nan,nan,4.576786068355432e-06,8.136024553095922e-05,4.576786068355432e-06,8.136024553095922e-05,nan,nan,nan,nan,0.0,0.0,0.0,0.0,0.0,0.0
nan,nan,4.659377736970782e-06,7.730646757408977e-05,4.659377736970782e-06,7.730646757408977e-05,nan,nan,nan,nan,0.0,0.0,0.0,0.0,0.0,0.0
nan,nan,4.632684067473747e-06,7.829798414604738e-05,4.632684067473747e-06,7.829798414604738e-05,nan,nan,nan,nan,0.0,0.0,0.0,0.0,0.0,0.0
nan,nan,4.678440291172592e-06,7.918246410554275e-05,4.678440291172592e-06,7.918246410554275e-05,nan,nan,nan,nan,0.0,0.0,0.0,0.0,0.0,0.0
nan,nan,4.728187832370168e-06,7.809481030562893e-05,4.728187832370168e-06,7.809481030562893e-05,nan,nan,nan,nan,0.0,0.0,0.0,0.0,0.0,0.0
nan,nan,4.830943453271175e-06,7.677616667933762e-05,4.830943453271175e-06,7.677616667933762e-05,nan,nan,nan,nan,0.0,0.0,0.0,0.0,0.0,0.0
nan,nan,4.778954917128431e-06,7.509449642384425e-05,4.778954917128431e-06,7.509449642384425e-05,nan,nan,nan,nan,0.0,0.0,0.0,0.0,0.0,0.0
nan,nan,4.883227120444644e-06,7.688920595683157e-05,4.883227120444644e-06,7.688920595683157e-05,nan,nan,nan,nan,0.0,0.0,0.0,0.0,0.0,0.0
nan,nan,4.965947482560296e-06,7.675167580600828e-05,4.965947482560296e-06,7.675167580600828e-05,nan,nan,nan,nan,0.0,0.0,0.0,0.0,0.0,0.0
nan,nan,4.892584456683835e-06,7.581074896734208e-05,4.892584456683835e-06,7.581074896734208e-05,nan,nan,nan,nan,0.0,0.0,0.0,0.0,0.0,0.0
nan,nan,5.00453188578831e-06,7.629916217410937e-05,5.00453188578831e-06,7.629916217410937e-05,nan,nan,nan,nan,0.0,0.0,0.0,0.0,0.0,0.0
nan,nan,4.918335434922483e-06,7.49054888729006e-05,4.918335434922483e-06,7.49054888729006e-05,nan,nan,nan,nan,0.0,0.0,0.0,0.0,0.0,0.0
nan,nan,4.848642220167676e-06,7.568551518488675e-05,4.848642220167676e-06,7.568551518488675e-05,nan,nan,nan,nan,0.0,0.0,0.0,0.0,0.0,0.0
nan,nan,4.8124802560778335e-06,7.792313408572227e-05,4.8124802560778335e-06,7.792313408572227e-05,nan,nan,nan,nan,0.0,0.0,0.0,0.0,0.0,0.0
nan,nan,4.746390914078802e-06,7.52987471059896e-05,4.746390914078802e-06,7.52987471059896e-05,nan,nan,nan,nan,0.0,0.0,0.0,0.0,0.0,0.0
nan,nan,4.704387265519472e-06,7.442543574143201e-05,4.704387265519472e-06,7.442543574143201e-05,nan,nan,nan,nan,0.0,0.0,0.0,0.0,0.0,0.0
nan,nan,4.6273144107544795e-06,7.683762669330463e-05,4.6273144107544795e-06,7.683762669330463e-05,nan,nan,nan,nan,0.0,0.0,0.0,0.0,0.0,0.0
nan,nan,4.620892468665261e-06,7.350686064455658e-05,4.620892468665261e-06,7.350686064455658e-05,nan,nan,nan,nan,0.0,0.0,0.0,0.0,0.0,0.0
nan,nan,4.581851953844307e-06,7.54288921598345e-05,4.581851953844307e-06,7.54288921598345e-05,nan,nan,nan,nan,0.0,0.0,0.0,0.0,0.0,0.0
nan,nan,4.541566795523977e-06,7.331909000640735e-05,4.541566795523977e-06,7.331909000640735e-05,nan,nan,nan,nan,0.0,0.0,0.0,0.0,0.0,0.0
nan,nan,4.498238013184164e-06,7.621867553098127e-05,4.498238013184164e-06,7.621867553098127e-05,nan,nan,nan,nan,0.0,0.0,0.0,0.0,0.0,0.0
nan,nan,4.547967364487704e-06,7.591583562316373e-05,4.547967364487704e-06,7.591583562316373e-05,nan,nan,nan,nan,0.0,0.0,0.0,0.0,0.0,0.0
nan,nan,4.533275387075264e-06,7.602280675200745e-05,4.533275387075264e-06,7.602280675200745e-05,nan,nan,nan,nan,0.0,0.0,0.0,0.0,0.0,0.0
nan,nan,4.613922556018224e-06,7.667418685741723e-05,4.613922556018224e-06,7.667418685741723e-05,nan,nan,nan,nan,0.0,0.0,0.0,0.0,0.0,0.0
nan,nan,4.663666004489642e-06,8.411506860284135e-05,4.663666004489642e-06,8.411506860284135e-05,nan,nan,nan,nan,0.0,0.0,0.0,0.0,0.0,0.0
nan,nan,4.515522505244007e-06,8.180665463441983e-05,4.515522505244007e-06,8.180665463441983e-05,nan,nan,nan,nan,0.0,0.0,0.0,0.0,0.0,0.0
nan,nan,4.539976998785278e-06,8.528088073944673e-05,4.539976998785278e-06,8.528088073944673e-05,nan,nan,nan,nan,0.0,0.0,0.0,0.0,0.0,0.0
nan,nan,4.6583350012952e-06,8.398401405429468e-05,4.6583350012952e-06,8.398401405429468e-05,nan,nan,nan,nan,0.0,0.0,0.0,0.0,0.0,0.0
nan,nan,4.737513791042147e-06,9.029204375110567e-05,4.737513791042147e-06,9.029204375110567e-05,nan,nan,nan,nan,0.0,0.0,0.0,0.0,0.0,0.0
nan,nan,4.735398306365823e-06,8.973666263045743e-05,4.735398306365823e-06,8.973666263045743e-05,nan,nan,nan,nan,0.0,0.0,0.0,0.0,0.0,0.0
nan,nan,4.840323981625261e-06,8.977782272268087e-05,4.840323981625261e-06,8.977782272268087e-05,nan,nan,nan,nan,0.0,0.0,0.0,0.0,0.0,0.0
nan,nan,4.8212477850029245e-06,8.877911022864282e-05,4.8212477850029245e-06,8.877911022864282e-05,nan,nan,nan,nan,0.0,0.0,0.0,0.0,0.0,0.0
nan,nan,4.8251340558636e-06,9.499840234639123e-05,4.8251340558636e-06,9.499840234639123e-05,nan,nan,nan,nan,0.0,0.0,0.0,0.0,0.0,0.0
nan,nan,4.708140750153689e-06,9.189290722133592e-05,4.708140750153689e-06,9.189290722133592e-05,nan,nan,nan,nan,0.0,0.0,0.0,0.0,0.0,0.0
nan,nan,4.633495791495079e-06,9.064943878911436e-05,4.633495791495079e-06,9.064943878911436e-05,nan,nan,nan,nan,0.0,0.0,0.0,0.0,0.0,0.0
nan,nan,4.648888079827884e-06,9.275450429413468e-05,4.648888079827884e-06,9.275450429413468e-05,nan,nan,nan,nan,0.0,0.0,0.0,0.0,0.0,0.0
nan,nan,4.391138190840138e-06,9.320809476776049e-05,4.391138190840138e-06,9.320809476776049e-05,nan,nan,nan,nan,0.0,0.0,0.0,0.0,0.0,0.0
nan,nan,4.378664471005322e-06,9.335488721262664e-05,4.378664471005322e-06,9.335488721262664e-05,nan,nan,nan,nan,0.0,0.0,0.0,0.0,0.0,0.0
nan,nan,4.5356005102803465e-06,8.816204353934154e-05,4.5356005102803465e-06,8.816204353934154e-05,nan,nan,nan,nan,0.0,0.0,0.0,0.0,0.0,0.0
nan,nan,4.414107934280764e-06,8.921116386773065e-05,4.414107934280764e-06,8.921116386773065e-05,nan,nan,nan,nan,0.0,0.0,0.0,0.0,0.0,0.0
nan,nan,4.365241238701856e-06,8.770793647272512e-05,4.365241238701856e-06,8.770793647272512e-05,nan,nan,nan,nan,0.0,0.0,0.0,0.0,0.0,0.0
nan,nan,4.3818363337777555e-06,8.738270844332874e-05,4.3818363337777555e-06,8.738270844332874e-05,nan,nan,nan,nan,0.0,0.0,0.0,0.0,0.0,0.0
nan,nan,4.457561772142071e-06,8.679900201968849e-05,4.457561772142071e-06,8.679900201968849e-05,nan,nan,nan,nan,0.0,0.0,0.0,0.0,0.0,0.0
nan,nan,4.321894266468007e-06,8.66391128511168e-05,4.321894266468007e-06,8.66391128511168e-05,nan,nan,nan,nan,0.0,0.0,0.0,0.0,0.0,0.0
nan,nan,4.229826117807534e-06,8.446871652267873e-05,4.229826117807534e-06,8.446871652267873e-05,nan,nan,nan,nan,0.0,0.0,0.0,0.0,0.0,0.0
nan,nan,4.176012225798331e-06,8.84767432580702e-05,4.176012225798331e-06,8.84767432580702e-05,nan,nan,nan,nan,0.0,0.0,0.0,0.0,0.0,0.0
nan,nan,4.22963967139367e-06,8.646640344522893e-05,4.22963967139367e-06,8.646640344522893e-05,nan,nan,nan,nan,0.0,0.0,0.0,0.0,0.0,0.0
nan,nan,4.183010332781123e-06,8.756484021432698e-05,4.183010332781123e-06,8.756484021432698e-05,nan,nan,nan,nan,0.0,0.0,0.0,0.0,0.0,0.0
nan,nan,4.2078454498550855e-06,9.210365533363074e-05,4.2078454498550855e-06,9.210365533363074e-05,nan,nan,nan,nan,0.0,0.0,0.0,0.0,0.0,0.0
nan,nan,4.32064416600042e-06,8.982035069493577e-05,4.32064416600042e-06,8.982035069493577e-05,nan,nan,nan,nan,0.0,0.0,0.0,0.0,0.0,0.0
nan,nan,4.355744295025943e-06,9.042943565873429e-05,4.355744295025943e-06,9.042943565873429e-05,nan,nan,nan,nan,0.0,0.0,0.0,0.0,0.0,0.0
nan,nan,4.380624886834994e-06,9.190345008391887e-05,4.380624886834994e-06,9.190345008391887e-05,nan,nan,nan,nan,0.0,0.0,0.0,0.0,0.0,0.0
nan,nan,4.381310645840131e-06,9.143230272457004e-05,4.381310645840131e-06,9.143230272457004e-05,nan,nan,nan,nan,0.0,0.0,0.0,0.0,0.0,0.0
nan,nan,4.3744703361880966e-06,9.323574340669438e-05,4.3744703361880966e-06,9.323574340669438e-05,nan,nan,nan,nan,0.0,0.0,0.0,0.0,0.0,0.0
nan,nan,4.2622095861588605e-06,9.033756941789761e-05,4.2622095861588605e-06,9.033756941789761e-05,nan,nan,nan,nan,0.0,0.0,0.0,0.0,0.0,0.0
nan,nan,4.273637387086637e-06,9.09721857169643e-05,4.273637387086637e-06,9.09721857169643e-05,nan,nan,nan,nan,0.0,0.0,0.0,0.0,0.0,0.0
nan,nan,4.3744867070927285e-06,9.078401490114629e-05,4.3744867070927285e-06,9.078401490114629e-05,nan,nan,nan,nan,0.0,0.0,0.0,0.0,0.0,0.0
nan,nan,4.299105967220385e-06,9.007807238958776e-05,4.299105967220385e-06,9.007807238958776e-05,nan,nan,nan,nan,0.0,0.0,0.0,0.0,0.0,0.0
nan,nan,4.2874589780694805e-06,9.35372372623533e-05,4.2874589780694805e-06,9.35372372623533e-05,nan,nan,nan,nan,0.0,0.0,0.0,0.0,0.0,0.0
nan,nan,4.341097792348592e-06,9.628714906284586e-05,4.341097792348592e-06,9.628714906284586e-05,nan,nan,nan,nan,0.0,0.0,0.0,0.0,0.0,0.0
nan,nan,4.2338160710642114e-06,9.306583524448797e-05,4.2338160710642114e-06,9.306583524448797e-05,nan,nan,nan,nan,0.0,0.0,0.0,0.0,0.0,0.0
nan,nan,4.262971742718946e-06,9.310407767770812e-05,4.262971742718946e-06,9.310407767770812e-05,nan,nan,nan,nan,0.0,0.0,0.0,0.0,0.0,0.0
nan,nan,4.197181169729447e-06,9.363847493659705e-05,4.197181169729447e-06,9.363847493659705e-05,nan,nan,nan,nan,0.0,0.0,0.0,0.0,0.0,0.0
nan,nan,4.068331236339873e-06,9.160747868008912e-05,4.068331236339873e-06,9.160747868008912e-05,nan,nan,nan,nan,0.0,0.0,0.0,0.0,0.0,0.0
nan,nan,4.1309631342301145e-06,9.535598655929789e-05,4.1309631342301145e-06,9.535598655929789e-05,nan,nan,nan,nan,0.0,0.0,0.0,0.0,0.0,0.0
nan,nan,4.103405444766395e-06,9.559333557263017e-05,4.103405444766395e-06,9.559333557263017e-05,nan,nan,nan,nan,0.0,0.0,0.0,0.0,0.0,0.0
nan,nan,4.058600552525604e-06,9.280666563427076e-05,4.058600552525604e-06,9.280666563427076e-05,nan,nan,nan,nan,0.0,0.0,0.0,0.0,0.0,0.0
nan,nan,4.048745267937193e-06,9.65267900028266e-05,4.048745267937193e-06,9.65267900028266e-05,nan,nan,nan,nan,0.0,0.0,0.0,0.0,0.0,0.0
nan,nan,4.050546522194054e-06,9.489228250458837e-05,4.050546522194054e-06,9.489228250458837e-05,nan,nan,nan,nan,0.0,0.0,0.0,0.0,0.0,0.0
nan,nan,3.98291194869671e-06,9.198461339110509e-05,3.98291194869671e-06,9.198461339110509e-05,nan,nan,nan,nan,0.0,0.0,0.0,0.0,0.0,0.0
nan,nan,4.065500888827955e-06,9.258637874154374e-05,4.065500888827955e-06,9.258637874154374e-05,nan,nan,nan,nan,0.0,0.0,0.0,0.0,0.0,0.0
nan,nan,4.0252907638205215e-06,8.967411849880591e-05,4.0252907638205215e-06,8.967411849880591e-05,nan,nan,nan,nan,0.0,0.0,0.0,0.0,0.0,0.0
nan,nan,4.0960048863780685e-06,9.016522380989045e-05,4.0960048863780685e-06,9.016522380989045e-05,nan,nan,nan,nan,0.0,0.0,0.0,0.0,0.0,0.0
nan,nan,4.179578809271334e-06,9.378662070957944e-05,4.179578809271334e-06,9.378662070957944e-05,nan,nan,nan,nan,0.0,0.0,0.0,0.0,0.0,0.0
nan,nan,4.17491401094594e-06,9.55356954364106e-05,4.17491401094594e-06,9.55356954364106e-05,nan,nan,nan,nan,0.0,0.0,0.0,0.0,0.0,0.0
nan,nan,4.22103175878874e-06,9.88622268778272e-05,4.22103175878874e-06,9.88622268778272e-05,nan,nan,nan,nan,0.0,0.0,0.0,0.0,0.0,0.0
nan,nan,4.29314786742907e-06,0.00010041712084785104,4.29314786742907e-06,0.00010041712084785104,nan,nan,nan,nan,0.0,0.0,0.0,0.0,0.0,0.0
nan,nan,4.463635377760511e-06,0.00010035952436737716,4.463635377760511e-06,0.00010035952436737716,nan,nan,nan,nan,0.0,0.0,0.0,0.0,0.0,0.0
nan,nan,4.600092779583065e-06,9.947974467650056e-05,4.600092779583065e-06,9.947974467650056e-05,nan,nan,nan,nan,0.0,0.0,0.0,0.0,0.0,0.0
nan,nan,4.605682534020161e-06,0.0001004137156996876,4.605682534020161e-06,0.0001004137156996876,nan,nan,nan,nan,0.0,0.0,0.0,0.0,0.0,0.0
nan,nan,4.574973900162149e-06,0.00010459423356223851,4.574973900162149e-06,0.00010459423356223851,nan,nan,nan,nan,0.0,0.0,0.0,0.0,0.0,0.0
nan,nan,4.578310381475603e-06,0.00010530199506320059,4.578310381475603e-06,0.00010530199506320059,nan,nan,nan,nan,0.0,0.0,0.0,0.0,0.0,0.0
nan,nan,4.46531748821144e-06,0.00010336439299862832,4.46531748821144e-06,0.00010336439299862832,nan,nan,nan,nan,0.0,0.0,0.0,0.0,0.0,0.0
nan,nan,4.513265139394207e-06,0.00010111983283422887,4.513265139394207e-06,0.00010111983283422887,nan,nan,nan,nan,0.0,0.0,0.0,0.0,0.0,0.0
nan,nan,4.5515935198636726e-06,0.000101673518656753,4.5515935198636726e-06,0.000101673518656753,nan,nan,nan,nan,0.0,0.0,0.0,0.0,0.0,0.0
nan,nan,4.468136921786936e-06,9.956835128832608e-05,4.468136921786936e-06,9.956835128832608e-05,nan,nan,nan,nan,0.0,0.0,0.0,0.0,0.0,0.0
nan,nan,4.471397915040143e-06,0.0001000945849227719,4.471397915040143e-06,0.0001000945849227719,nan,nan,nan,nan,0.0,0.0,0.0,0.0,0.0,0.0
nan,nan,4.476389221963473e-06,9.947303624358028e-05,4.476389221963473e-06,9.947303624358028e-05,nan,nan,nan,nan,0.0,0.0,0.0,0.0,0.0,0.0
nan,nan,4.4142352635390125e-06,0.00010133619070984423,4.4142352635390125e-06,0.00010133619070984423,nan,nan,nan,nan,0.0,0.0,0.0,0.0,0.0,0.0
nan,nan,4.360442289907951e-06,0.0001029999548336491,4.360442289907951e-06,0.0001029999548336491,nan,nan,nan,nan,0.0,0.0,0.0,0.0,0.0,0.0
nan,nan,4.390672984300181e-06,9.51888578129001e-05,4.390672984300181e-06,9.51888578129001e-05,nan,nan,nan,nan,0.0,0.0,0.0,0.0,0.0,0.0
nan,nan,4.41262318418012e-06,9.508561197435483e-05,4.41262318418012e-06,9.508561197435483e-05,nan,nan,nan,nan,0.0,0.0,0.0,0.0,0.0,0.0
nan,nan,4.430081844475353e-06,9.422760194865987e-05,4.430081844475353e-06,9.422760194865987e-05,nan,nan,nan,nan,0.0,0.0,0.0,0.0,0.0,0.0
nan,nan,4.413396709423978e-06,9.52569316723384e-05,4.413396709423978e-06,9.52569316723384e-05,nan,nan,nan,nan,0.0,0.0,0.0,0.0,0.0,0.0
nan,nan,4.48189211965655e-06,9.526270150672644e-05,4.48189211965655e-06,9.526270150672644e-05,nan,nan,nan,nan,0.0,0.0,0.0,0.0,0.0,0.0
nan,nan,4.511177849053638e-06,9.417656838195398e-05,4.511177849053638e-06,9.417656838195398e-05,nan,nan,nan,nan,0.0,0.0,0.0,0.0,0.0,0.0
nan,nan,4.495615030464251e-06,9.321948164142668e-05,4.495615030464251e-06,9.321948164142668e-05,nan,nan,nan,nan,0.0,0.0,0.0,0.0,0.0,0.0
nan,nan,4.4450284804042894e-06,9.478281572228298e-05,4.4450284804042894e-06,9.478281572228298e-05,nan,nan,nan,nan,0.0,0.0,0.0,0.0,0.0,0.0
nan,nan,4.468916813493706e-06,9.461340232519433e-05,4.468916813493706e-06,9.461340232519433e-05,nan,nan,nan,nan,0.0,0.0,0.0,0.0,0.0,0.0
nan,nan,4.485787940211594e-06,9.918958676280454e-05,4.485787940211594e-06,9.918958676280454e-05,nan,nan,nan,nan,0.0,0.0,0.0,0.0,0.0,0.0
nan,nan,4.521677510638256e-06,0.00010074781312141567,4.521677510638256e-06,0.00010074781312141567,nan,nan,nan,nan,0.0,0.0,0.0,0.0,0.0,0.0
nan,nan,4.476153208088363e-06,0.00010028938413597643,4.476153208088363e-06,0.00010028938413597643,nan,nan,nan,nan,0.0,0.0,0.0,0.0,0.0,0.0
nan,nan,4.497326244745636e-06,0.00010251979256281629,4.497326244745636e-06,0.00010251979256281629,nan,nan,nan,nan,0.0,0.0,0.0,0.0,0.0,0.0
nan,nan,4.447687388164923e-06,0.0001003481011139229,4.447687388164923e-06,0.0001003481011139229,nan,nan,nan,nan,0.0,0.0,0.0,0.0,0.0,0.0
nan,nan,4.358330443210434e-06,0.00010023333015851676,4.358330443210434e-06,0.00010023333015851676,nan,nan,nan,nan,0.0,0.0,0.0,0.0,0.0,0.0
nan,nan,4.391670699988026e-06,0.00010241951531497762,4.391670699988026e-06,0.00010241951531497762,nan,nan,nan,nan,0.0,0.0,0.0,0.0,0.0,0.0
nan,nan,4.379430720291566e-06,9.963760385289788e-05,4.379430720291566e-06,9.963760385289788e-05,nan,nan,nan,nan,0.0,0.0,0.0,0.0,0.0,0.0
nan,nan,4.324941983213648e-06,9.791961929295212e-05,4.324941983213648e-06,9.791961929295212e-05,nan,nan,nan,nan,0.0,0.0,0.0,0.0,0.0,0.0
nan,nan,4.305826223571785e-06,9.688301361165941e-05,4.305826223571785e-06,9.688301361165941e-05,nan,nan,nan,nan,0.0,0.0,0.0,0.0,0.0,0.0
nan,nan,4.317572802392533e-06,9.560356556903571e-05,4.317572802392533e-06,9.560356556903571e-05,nan,nan,nan,nan,0.0,0.0,0.0,0.0,0.0,0.0
nan,nan,4.224052190693328e-06,9.378143295180053e-05,4.224052190693328e-06,9.378143295180053e-05,nan,nan,nan,nan,0.0,0.0,0.0,0.0,0.0,0.0
nan,nan,4.2226647565257736e-06,9.067397331818938e-05,4.2226647565257736e-06,9.067397331818938e-05,nan,nan,nan,nan,0.0,0.0,0.0,0.0,0.0,0.0
nan,nan,4.21769709646469e-06,8.603477181168273e-05,4.21769709646469e-06,8.603477181168273e-05,nan,nan,nan,nan,0.0,0.0,0.0,0.0,0.0,0.0
nan,nan,4.172719400230562e-06,8.767037797952071e-05,4.172719400230562e-06,8.767037797952071e-05,nan,nan,nan,nan,0.0,0.0,0.0,0.0,0.0,0.0
nan,nan,4.144735157751711e-06,8.539010013919324e-05,4.144735157751711e-06,8.539010013919324e-05,nan,nan,nan,nan,0.0,0.0,0.0,0.0,0.0,0.0
nan,nan,4.161959623161238e-06,8.665780478622764e-05,4.161959623161238e-06,8.665780478622764e-05,nan,nan,nan,nan,0.0,0.0,0.0,0.0,0.0,0.0
nan,nan,4.200973307888489e-06,8.770958811510354e-05,4.200973307888489e-06,8.770958811510354e-05,nan,nan,nan,nan,0.0,0.0,0.0,0.0,0.0,0.0
nan,nan,4.10970778830233e-06,8.538312977179885e-05,4.10970778830233e-06,8.538312977179885e-05,nan,nan,nan,nan,0.0,0.0,0.0,0.0,0.0,0.0
nan,nan,4.171232376393164e-06,8.483900455757976e-05,4.171232376393164e-06,8.483900455757976e-05,nan,nan,nan,nan,0.0,0.0,0.0,0.0,0.0,0.0
nan,nan,4.263325536157936e-06,8.928483293857425e-05,4.263325536157936e-06,8.928483293857425e-05,nan,nan,nan,nan,0.0,0.0,0.0,0.0,0.0,0.0
nan,nan,4.250240181136178e-06,8.925429574446753e-05,4.250240181136178e-06,8.925429574446753e-05,nan,nan,nan,nan,0.0,0.0,0.0,0.0,0.0,0.0
nan,nan,4.198092938167974e-06,8.526345482096076e-05,4.198092938167974e-06,8.526345482096076e-05,nan,nan,nan,nan,0.0,0.0,0.0,0.0,0.0,0.0
nan,nan,4.2906231101369485e-06,8.790504216449335e-05,4.2906231101369485e-06,8.790504216449335e-05,nan,nan,nan,nan,0.0,0.0,0.0,0.0,0.0,0.0
nan,nan,4.368974714452634e-06,8.632122626295313e-05,4.368974714452634e-06,8.632122626295313e-05,nan,nan,nan,nan,0.0,0.0,0.0,0.0,0.0,0.0
nan,nan,4.352128144091694e-06,8.806011464912444e-05,4.352128144091694e-06,8.806011464912444e-05,nan,nan,nan,nan,0.0,0.0,0.0,0.0,0.0,0.0
nan,nan,4.498982434597565e-06,8.658373553771526e-05,4.498982434597565e-06,8.658373553771526e-05,nan,nan,nan,nan,0.0,0.0,0.0,0.0,0.0,0.0
nan,nan,4.569952579913661e-06,8.812106534605846e-05,4.569952579913661e-06,8.812106534605846e-05,nan,nan,nan,nan,0.0,0.0,0.0,0.0,0.0,0.0
nan,nan,4.609796633303631e-06,8.862006507115439e-05,4.609796633303631e-06,8.862006507115439e-05,nan,nan,nan,nan,0.0,0.0,0.0,0.0,0.0,0.0
nan,nan,4.581451776175527e-06,8.564822201151401e-05,4.581451776175527e-06,8.564822201151401e-05,nan,nan,nan,nan,0.0,0.0,0.0,0.0,0.0,0.0
nan,nan,4.494653239817126e-06,8.887940930435434e-05,4.494653239817126e-06,8.887940930435434e-05,nan,nan,nan,nan,0.0,0.0,0.0,0.0,0.0,0.0
nan,nan,4.54271230410086e-06,9.133683488471434e-05,4.54271230410086e-06,9.133683488471434e-05,nan,nan,nan,nan,0.0,0.0,0.0,0.0,0.0,0.0
nan,nan,4.471657575777499e-06,9.124440839514136e-05,4.471657575777499e-06,9.124440839514136e-05,nan,nan,nan,nan,0.0,0.0,0.0,0.0,0.0,0.0
nan,nan,4.5186379793449305e-06,8.905260619940236e-05,4.5186379793449305e-06,8.905260619940236e-05,nan,nan,nan,nan,0.0,0.0,0.0,0.0,0.0,0.0
nan,nan,4.5317156036617234e-06,9.321448305854574e-05,4.5317156036617234e-06,9.321448305854574e-05,nan,nan,nan,nan,0.0,0.0,0.0,0.0,0.0,0.0
nan,nan,4.445712420420023e-06,9.149427205557004e-05,4.445712420420023e-06,9.149427205557004e-05,nan,nan,nan,nan,0.0,0.0,0.0,0.0,0.0,0.0
nan,nan,4.413845999806654e-06,9.012527880258858e-05,4.413845999806654e-06,9.012527880258858e-05,nan,nan,nan,nan,0.0,0.0,0.0,0.0,0.0,0.0
nan,nan,4.417128820932703e-06,8.805395918898284e-05,4.417128820932703e-06,8.805395918898284e-05,nan,nan,nan,nan,0.0,0.0,0.0,0.0,0.0,0.0
nan,nan,4.480691131902859e-06,8.483634155709296e-05,4.480691131902859e-06,8.483634155709296e-05,nan,nan,nan,nan,0.0,0.0,0.0,0.0,0.0,0.0
nan,nan,4.406992047734093e-06,8.413179602939636e-05,4.406992047734093e-06,8.413179602939636e-05,nan,nan,nan,nan,0.0,0.0,0.0,0.0,0.0,0.0
nan,nan,4.524084488366498e-06,7.946630648802966e-05,4.524084488366498e-06,7.946630648802966e-05,nan,nan,nan,nan,0.0,0.0,0.0,0.0,0.0,0.0
nan,nan,4.596484814101132e-06,7.915727474028245e-05,4.596484814101132e-06,7.915727474028245e-05,nan,nan,nan,nan,0.0,0.0,0.0,0.0,0.0,0.0
nan,nan,4.533562332653673e-06,7.789671508362517e-05,4.533562332653673e-06,7.789671508362517e-05,nan,nan,nan,nan,0.0,0.0,0.0,0.0,0.0,0.0
nan,nan,4.548852302832529e-06,7.71701816120185e-05,4.548852302832529e-06,7.71701816120185e-05,nan,nan,nan,nan,0.0,0.0,0.0,0.0,0.0,0.0
nan,nan,4.595813152263872e-06,7.65475197113119e-05,4.595813152263872e-06,7.65475197113119e-05,nan,nan,nan,nan,0.0,0.0,0.0,0.0,0.0,0.0
nan,nan,4.538809207588201e-06,7.658005779376253e-05,4.538809207588201e-06,7.658005779376253e-05,nan,nan,nan,nan,0.0,0.0,0.0,0.0,0.0,0.0
nan,nan,4.4949342736799736e-06,7.760908920317888e-05,4.4949342736799736e-06,7.760908920317888e-05,nan,nan,nan,nan,0.0,0.0,0.0,0.0,0.0,0.0
nan,nan,4.5132946979720145e-06,8.192215318558738e-05,4.5132946979720145e-06,8.192215318558738e-05,nan,nan,nan,nan,0.0,0.0,0.0,0.0,0.0,0.0
nan,nan,4.478082246350823e-06,7.965578697621822e-05,4.478082246350823e-06,7.965578697621822e-05,nan,nan,nan,nan,0.0,0.0,0.0,0.0,0.0,0.0
nan,nan,4.491843355935998e-06,8.06056268629618e-05,4.491843355935998e-06,8.06056268629618e-05,nan,nan,nan,nan,0.0,0.0,0.0,0.0,0.0,0.0
nan,nan,4.592775439959951e-06,7.851787813706324e-05,4.592775439959951e-06,7.851787813706324e-05,nan,nan,nan,nan,0.0,0.0,0.0,0.0,0.0,0.0
nan,nan,4.631020601664204e-06,7.837339217076078e-05,4.631020601664204e-06,7.837339217076078e-05,nan,nan,nan,nan,0.0,0.0,0.0,0.0,0.0,0.0
nan,nan,4.706760591943748e-06,7.879570330260321e-05,4.706760591943748e-06,7.879570330260321e-05,nan,nan,nan,nan,0.0,0.0,0.0,0.0,0.0,0.0
nan,nan,4.7045887185959145e-06,8.166999759851024e-05,4.7045887185959145e-06,8.166999759851024e-05,nan,nan,nan,nan,0.0,0.0,0.0,0.0,0.0,0.0
nan,nan,4.700378212874057e-06,8.252699626609683e-05,4.700378212874057e-06,8.252699626609683e-05,nan,nan,nan,nan,0.0,0.0,0.0,0.0,0.0,0.0
nan,nan,4.764176992466673e-06,8.233044354710728e-05,4.764176992466673e-06,8.233044354710728e-05,nan,nan,nan,nan,0.0,0.0,0.0,0.0,0.0,0.0
