step,phase,t,speed_cmd,heading_cmd,x,y,heading,speed
0,speed_hold_out_0.01_t0,0.0,0.01,0.0,3.932228082703659e-06,5.841178062837571e-05,0.0,0.009411764331161976
1,speed_hold_out_0.01_t0,0.1,0.01,0.0,4.370274382381467e-06,6.154119182610884e-05,0.0,0.009411764331161976
2,speed_hold_out_0.01_t0,0.2,0.01,0.0,2.493045940354932e-06,0.00037416283157654107,0.0,0.009411764331161976
3,speed_hold_out_0.01_t0,0.30000000000000004,0.01,0.0,7.0308055910572875e-06,-0.0002882044354919344,0.0,0.009411764331161976
4,speed_hold_out_0.01_t0,0.4,0.01,0.0,-4.618996899807826e-05,0.001634059939533472,0.0,0.009411764331161976
5,speed_hold_out_0.01_t0,0.5,0.01,0.0,-0.0005116262473165989,0.015324532054364681,0.0,0.009411764331161976
6,speed_hold_out_0.01_t0,0.6000000000000001,0.01,0.0,-0.0010758356656879187,0.037763454020023346,0.0,0.009411764331161976
7,speed_hold_out_0.01_t0,0.7000000000000001,0.01,0.0,-0.0012374441139400005,0.05141708254814148,0.0,0.009411764331161976
8,speed_hold_out_0.01_t0,0.8,0.01,0.0,-0.0013582798419520259,0.07761041820049286,0.0,0.009411764331161976
9,speed_hold_out_0.01_t0,0.9,0.01,0.0,-0.002042606705799699,0.10693972557783127,0.0,0.009411764331161976
10,speed_hold_out_0.01_t0,1.0,0.01,0.0,-0.002373634371906519,0.12372385710477829,0.0,0.009411764331161976
11,speed_hold_out_0.01_t0,1.1,0.01,0.0,-0.0025538685731589794,0.17048990726470947,0.0,0.009411764331161976
12,speed_zero_out_0.01_t0,1.2000000000000002,0.0,0.0,-0.002787309931591153,0.18749283254146576,0.0,0.0
13,speed_zero_out_0.01_t0,1.3,0.0,0.0,-0.003069191938266158,0.21356098353862762,0.0,0.0
14,speed_zero_out_0.01_t0,1.4000000000000001,0.0,0.0,-0.0028360760770738125,0.22227877378463745,0.0,0.0
15,speed_zero_out_0.01_t0,1.5,0.0,0.0,-0.0027678527403622866,0.23242175579071045,0.0,0.0
16,speed_zero_out_0.01_t0,1.6,0.0,0.0,-0.0030928412452340126,0.2408527135848999,0.0,0.0
17,speed_zero_out_0.01_t0,1.7000000000000002,0.0,0.0,-0.003498182399198413,0.24512653052806854,0.0,0.0
18,speed_zero_out_0.01_t0,1.8,0.0,0.0,-0.0038510828744620085,0.23798252642154694,0.0,0.0
19,speed_zero_out_0.01_t0,1.9000000000000001,0.0,0.0,-0.00385482469573617,0.24391941726207733,0.0,0.0
20,speed_zero_out_0.01_t0,2.0,0.0,0.0,-0.004120786674320698,0.24632206559181213,0.0,0.0
21,speed_zero_out_0.01_t0,2.1,0.0,0.0,-0.004416234325617552,0.24057863652706146,0.0,0.0
22,speed_zero_out_0.01_t0,2.2,0.0,0.0,-0.004391313996165991,0.2451002448797226,0.0,0.0
23,speed_zero_out_0.01_t0,2.3000000000000003,0.0,0.0,-0.004114242270588875,0.2495122104883194,0.0,0.0
24,speed_zero_out_0.01_t0,2.4000000000000004,0.0,0.0,-0.00484610628336668,0.24167388677597046,0.0,0.0
25,speed_zero_out_0.01_t0,2.5,0.0,0.0,-0.004956157878041267,0.2410471886396408,0.0,0.0
26,speed_zero_out_0.01_t0,2.6,0.0,0.0,-0.004485508427023888,0.24997390806674957,0.0,0.0
27,speed_zero_out_0.01_t0,2.7,0.0,0.0,-0.004835333675146103,0.2477869987487793,0.0,0.0
28,speed_zero_out_0.01_t0,2.8000000000000003,0.0,0.0,-0.005264908540993929,0.24196013808250427,0.0,0.0
29,speed_zero_out_0.01_t0,2.9000000000000004,0.0,0.0,-0.004699374549090862,0.2502111494541168,0.0,0.0
30,speed_zero_out_0.01_t0,3.0,0.0,0.0,-0.004995445720851421,0.2481755018234253,0.0,0.0
31,speed_zero_out_0.01_t0,3.1,0.0,0.0,-0.005372417625039816,0.24281637370586395,0.0,0.0
32,speed_zero_out_0.01_t0,3.2,0.0,0.0,-0.005120581015944481,0.24689224362373352,0.0,0.0
33,speed_zero_out_0.01_t0,3.3000000000000003,0.0,0.0,-0.004819536115974188,0.2484157681465149,0.0,0.0
34,speed_zero_out_0.01_t0,3.4000000000000004,0.0,0.0,-0.005107134114950895,0.24445566534996033,0.0,0.0
35,speed_zero_out_0.01_t0,3.5,0.0,0.0,-0.004909305367618799,0.24731771647930145,0.0,0.0
36,speed_zero_out_0.01_t0,3.6,0.0,0.0,-0.004641149193048477,0.24847260117530823,0.0,0.0
37,speed_zero_out_0.01_t0,3.7,0.0,0.0,-0.0048672836273908615,0.2450607419013977,0.0,0.0
38,speed_zero_out_0.01_t0,3.8000000000000003,0.0,0.0,-0.004728731233626604,0.2473200410604477,0.0,0.0
39,speed_zero_out_0.01_t0,3.9000000000000004,0.0,0.0,-0.0044595543295145035,0.24995093047618866,0.0,0.0
40,speed_zero_out_0.01_t0,4.0,0.0,0.0,-0.0046735345385968685,0.2456444799900055,0.0,0.0
41,speed_zero_out_0.01_t0,4.1000000000000005,0.0,0.0,-0.0045839459635317326,0.24730463325977325,0.0,0.0
42,heading_step_return_0.01_t0,4.2,0.0,3.141592653589793,-0.004340705461800098,0.24995504319667816,-3.1415927410125732,0.0
43,heading_step_return_0.01_t0,4.3,0.0,3.141592653589793,-0.005994573701173067,0.24142196774482727,-3.1415927410125732,0.0
44,heading_step_return_0.01_t0,4.4,0.0,3.141592653589793,-0.005325389560312033,0.23622941970825195,-3.1415927410125732,0.0
45,heading_step_return_0.01_t0,4.5,0.0,3.141592653589793,-0.00640973262488842,0.23164257407188416,-3.1415927410125732,0.0
46,heading_step_return_0.01_t0,4.6000000000000005,0.0,3.141592653589793,-0.005652152467519045,0.2355659455060959,-3.1415927410125732,0.0
47,heading_step_return_0.01_t0,4.7,0.0,3.141592653589793,-0.0048625897616147995,0.24186882376670837,-3.1415927410125732,0.0
48,heading_step_return_0.01_t0,4.800000000000001,0.0,3.141592653589793,-0.005500097759068012,0.23789282143115997,-3.1415927410125732,0.0
49,heading_step_return_0.01_t0,4.9,0.0,3.141592653589793,-0.004897587466984987,0.23960210382938385,-3.1415927410125732,0.0
50,heading_step_return_0.01_t0,5.0,0.0,3.141592653589793,-0.004624892026185989,0.24321630597114563,-3.1415927410125732,0.0
51,heading_step_return_0.01_t0,5.1000000000000005,0.0,3.141592653589793,-0.0048860362730920315,0.2409847229719162,-3.1415927410125732,0.0
52,heading_step_return_0.01_t0,5.2,0.0,3.141592653589793,-0.004401177633553743,0.24118734896183014,-3.1415927410125732,0.0
53,heading_step_return_0.01_t0,5.300000000000001,0.0,3.141592653589793,-0.004317948129028082,0.24426451325416565,-3.1415927410125732,0.0
54,heading_step_return_0.01_t0,5.4,0.0,3.141592653589793,-0.004506545607000589,0.24216991662979126,-3.1415927410125732,0.0
55,heading_step_return_0.01_t0,5.5,0.0,3.141592653589793,-0.00434323213994503,0.2424713522195816,-3.1415927410125732,0.0
56,heading_step_return_0.01_t0,5.6000000000000005,0.0,3.141592653589793,-0.0041607823222875595,0.2444687783718109,-3.1415927410125732,0.0
57,heading_step_return_0.01_t0,5.7,0.0,3.141592653589793,-0.004390303045511246,0.24187251925468445,-3.1415927410125732,0.0
58,heading_step_return_0.01_t0,5.800000000000001,0.0,3.141592653589793,-0.004265115596354008,0.2433614730834961,-3.1415927410125732,0.0
59,heading_step_return_0.01_t0,5.9,0.0,3.141592653589793,-0.004190793726593256,0.24419981241226196,-3.1415927410125732,0.0
60,heading_step_return_0.01_t0,6.0,0.0,3.141592653589793,-0.004274729639291763,0.24307498335838318,-3.1415927410125732,0.0
61,heading_step_return_0.01_t0,6.1000000000000005,0.0,3.141592653589793,-0.004239811096340418,0.24306732416152954,-3.1415927410125732,0.0
62,heading_step_return_0.01_t0,6.2,0.0,3.141592653589793,-0.004239590838551521,0.24378052353858948,-3.1415927410125732,0.0
63,heading_step_return_0.01_t0,6.300000000000001,0.0,3.141592653589793,-0.004235893953591585,0.2432209849357605,-3.1415927410125732,0.0
64,heading_step_return_0.01_t0,6.4,0.0,3.141592653589793,-0.004233446437865496,0.2436988204717636,-3.1415927410125732,0.0
65,heading_step_return_0.01_t0,6.5,0.0,3.141592653589793,-0.004256127867847681,0.24325813353061676,-3.1415927410125732,0.0
66,heading_step_return_0.01_t0,6.6000000000000005,0.0,3.141592653589793,-0.004238612484186888,0.243308886885643,-3.1415927410125732,0.0
67,heading_step_return_0.01_t0,6.7,0.0,3.141592653589793,-0.0042480588890612125,0.2435069978237152,-3.1415927410125732,0.0
68,heading_step_return_0.01_t0,6.800000000000001,0.0,3.141592653589793,-0.004238987807184458,0.24327272176742554,-3.1415927410125732,0.0
69,heading_step_return_0.01_t0,6.9,0.0,3.141592653589793,-0.004258542321622372,0.24338428676128387,-3.1415927410125732,0.0
70,heading_step_return_0.01_t0,7.0,0.0,3.141592653589793,-0.004274766892194748,0.242629736661911,-3.1415927410125732,0.0
71,heading_step_return_0.01_t0,7.1000000000000005,0.0,3.141592653589793,-0.004173870198428631,0.24372121691703796,-3.1415927410125732,0.0
72,speed_hold_return_0.01_t0,7.2,0.01,3.141592653589793,-0.004217983689159155,0.24202986061573029,-3.1415927410125732,0.009411764331161976
73,speed_hold_return_0.01_t0,7.300000000000001,0.01,3.141592653589793,-0.004240698646754026,0.2416335642337799,-3.1415927410125732,0.009411764331161976
74,speed_hold_return_0.01_t0,7.4,0.01,3.141592653589793,-0.004194246605038643,0.2416926920413971,-3.1415927410125732,0.009411764331161976
75,speed_hold_return_0.01_t0,7.5,0.01,3.141592653589793,-0.004203500226140022,0.24048607051372528,-3.1415927410125732,0.009411764331161976
76,speed_hold_return_0.01_t0,7.6000000000000005,0.01,3.141592653589793,-0.004164750687777996,0.23848958313465118,-3.1415927410125732,0.009411764331161976
77,speed_hold_return_0.01_t0,7.7,0.01,3.141592653589793,-0.0039261686615645885,0.23234693706035614,-3.1415927410125732,0.009411764331161976
78,speed_hold_return_0.01_t0,7.800000000000001,0.01,3.141592653589793,-0.003759247250854969,0.2211759388446808,-3.1415927410125732,0.009411764331161976
79,speed_hold_return_0.01_t0,7.9,0.01,3.141592653589793,-0.003782310290262103,0.196600079536438,-3.1415927410125732,0.009411764331161976
80,speed_hold_return_0.01_t0,8.0,0.01,3.141592653589793,-0.003618373302742839,0.1825731247663498,-3.1415927410125732,0.009411764331161976
81,speed_hold_return_0.01_t0,8.1,0.01,3.141592653589793,-0.0031741231214255095,0.15394265949726105,-3.1415927410125732,0.009411764331161976
82,speed_hold_return_0.01_t0,8.200000000000001,0.01,3.141592653589793,-0.002770880702883005,0.12635311484336853,-3.1415927410125732,0.009411764331161976
83,speed_hold_return_0.01_t0,8.3,0.01,3.141592653589793,-0.0028318315744400024,0.11016634851694107,-3.1415927410125732,0.009411764331161976
84,speed_zero_return_0.01_t0,8.4,0.0,3.141592653589793,-0.002241402631625533,0.06039704754948616,-3.1415927410125732,0.0
85,speed_zero_return_0.01_t0,8.5,0.0,3.141592653589793,-0.002083868021145463,0.05046171322464943,-3.1415927410125732,0.0
86,speed_zero_return_0.01_t0,8.6,0.0,3.141592653589793,-0.0020943698473274708,0.03676169738173485,-3.1415927410125732,0.0
87,speed_zero_return_0.01_t0,8.700000000000001,0.0,3.141592653589793,-0.0020431443117558956,0.01909254491329193,-3.1415927410125732,0.0
88,speed_zero_return_0.01_t0,8.8,0.0,3.141592653589793,-0.0019751167856156826,0.019516831263899803,-3.1415927410125732,0.0
89,speed_zero_return_0.01_t0,8.9,0.0,3.141592653589793,-0.0018835630035027862,0.02846354804933071,-3.1415927410125732,0.0
90,speed_zero_return_0.01_t0,9.0,0.0,3.141592653589793,-0.0018822866259142756,0.02345656231045723,-3.1415927410125732,0.0
91,speed_zero_return_0.01_t0,9.1,0.0,3.141592653589793,-0.00182156462687999,0.018344368785619736,-3.1415927410125732,0.0
92,speed_zero_return_0.01_t0,9.200000000000001,0.0,3.141592653589793,-0.0018003323348239064,0.026700334623456,-3.1415927410125732,0.0
93,speed_zero_return_0.01_t0,9.3,0.0,3.141592653589793,-0.00185573089402169,0.02176818810403347,-3.1415927410125732,0.0
94,speed_zero_return_0.01_t0,9.4,0.0,3.141592653589793,-0.00195254385471344,0.017436552792787552,-3.1415927410125732,0.0
95,speed_zero_return_0.01_t0,9.5,0.0,3.141592653589793,-0.001965408679097891,0.023149922490119934,-3.1415927410125732,0.0
96,speed_zero_return_0.01_t0,9.600000000000001,0.0,3.141592653589793,-0.0019833750557154417,0.021707093343138695,-3.1415927410125732,0.0
97,speed_zero_return_0.01_t0,9.700000000000001,0.0,3.141592653589793,-0.001978987827897072,0.016339372843503952,-3.1415927410125732,0.0
98,speed_zero_return_0.01_t0,9.8,0.0,3.141592653589793,-0.0019140798831358552,0.0219616387039423,-3.1415927410125732,0.0
99,speed_zero_return_0.01_t0,9.9,0.0,3.141592653589793,-0.001898120972327888,0.02132963389158249,-3.1415927410125732,0.0
100,speed_zero_return_0.01_t0,10.0,0.0,3.141592653589793,-0.0018780423561111093,0.01618746668100357,-3.1415927410125732,0.0
101,speed_zero_return_0.01_t0,10.100000000000001,0.0,3.141592653589793,-0.001944251824170351,0.021295197308063507,-3.1415927410125732,0.0
102,speed_zero_return_0.01_t0,10.200000000000001,0.0,3.141592653589793,-0.0019489882979542017,0.024197449907660484,-3.1415927410125732,0.0
103,speed_zero_return_0.01_t0,10.3,0.0,3.141592653589793,-0.0019448907114565372,0.015845345333218575,-3.1415927410125732,0.0
104,speed_zero_return_0.01_t0,10.4,0.0,3.141592653589793,-0.0019109441200271249,0.016382895410060883,-3.1415927410125732,0.0
105,speed_zero_return_0.01_t0,10.5,0.0,3.141592653589793,-0.001898581045679748,0.023514635860919952,-3.1415927410125732,0.0
106,speed_zero_return_0.01_t0,10.600000000000001,0.0,3.141592653589793,-0.0019267293391749263,0.02045661397278309,-3.1415927410125732,0.0
107,speed_zero_return_0.01_t0,10.700000000000001,0.0,3.141592653589793,-0.0019547780975699425,0.01633451133966446,-3.1415927410125732,0.0
108,speed_zero_return_0.01_t0,10.8,0.0,3.141592653589793,-0.0019382062600925565,0.022896911948919296,-3.1415927410125732,0.0
109,speed_zero_return_0.01_t0,10.9,0.0,3.141592653589793,-0.0019433507695794106,0.019982032477855682,-3.1415927410125732,0.0
110,speed_zero_return_0.01_t0,11.0,0.0,3.141592653589793,-0.0019256157102063298,0.016233814880251884,-3.1415927410125732,0.0
111,speed_zero_return_0.01_t0,11.100000000000001,0.0,3.141592653589793,-0.0019497957546263933,0.0204435084015131,-3.1415927410125732,0.0
112,speed_zero_return_0.01_t0,11.200000000000001,0.0,3.141592653589793,-0.001963282935321331,0.01945420913398266,-3.1415927410125732,0.0
113,speed_zero_return_0.01_t0,11.3,0.0,3.141592653589793,-0.001967372838407755,0.015761861577630043,-3.1415927410125732,0.0
114,heading_step_reset_0.01_t0,11.4,0.0,0.0,-0.001965087838470936,0.0201161690056324,0.0,0.0
115,heading_step_reset_0.01_t0,11.5,0.0,0.0,0.0008171780500560999,0.01881325989961624,0.0,0.0
116,heading_step_reset_0.01_t0,11.600000000000001,0.0,0.0,0.0012960811145603657,0.021315667778253555,0.0,0.0
117,heading_step_reset_0.01_t0,11.700000000000001,0.0,0.0,0.0014106386806815863,0.028425192460417747,0.0,0.0
118,heading_step_reset_0.01_t0,11.8,0.0,0.0,0.0015842362772673368,0.026366781443357468,0.0,0.0
119,heading_step_reset_0.01_t0,11.9,0.0,0.0,0.0016543918754905462,0.026043497025966644,0.0,0.0
120,heading_step_reset_0.01_t0,12.0,0.0,0.0,0.001695787999778986,0.03157474473118782,0.0,0.0
121,heading_step_reset_0.01_t0,12.100000000000001,0.0,0.0,0.0018149539828300476,0.028513751924037933,0.0,0.0
122,heading_step_reset_0.01_t0,12.200000000000001,0.0,0.0,0.0018563540652394295,0.029889386147260666,0.0,0.0
123,heading_step_reset_0.01_t0,12.3,0.0,0.0,0.0018070196965709329,0.03318141773343086,0.0,0.0
124,heading_step_reset_0.01_t0,12.4,0.0,0.0,0.0018948307260870934,0.028727881610393524,0.0,0.0
125,heading_step_reset_0.01_t0,12.5,0.0,0.0,0.0019028914393857121,0.02904404141008854,0.0,0.0
126,heading_step_reset_0.01_t0,12.600000000000001,0.0,0.0,0.0018189885886386037,0.03409510478377342,0.0,0.0
127,heading_step_reset_0.01_t0,12.700000000000001,0.0,0.0,0.0018494888208806515,0.02959652617573738,0.0,0.0
128,heading_step_reset_0.01_t0,12.8,0.0,0.0,0.001892602420412004,0.03145094960927963,0.0,0.0
129,heading_step_reset_0.01_t0,12.9,0.0,0.0,0.001760599436238408,0.0343792550265789,0.0,0.0
130,heading_step_reset_0.01_t0,13.0,0.0,0.0,0.001763860578648746,0.031636979430913925,0.0,0.0
131,heading_step_reset_0.01_t0,13.100000000000001,0.0,0.0,0.0018220309866592288,0.033142492175102234,0.0,0.0
132,heading_step_reset_0.01_t0,13.200000000000001,0.0,0.0,0.001816840493120253,0.035465460270643234,0.0,0.0
133,heading_step_reset_0.01_t0,13.3,0.0,0.0,0.001601802883669734,0.032609689980745316,0.0,0.0
134,heading_step_reset_0.01_t0,13.4,0.0,0.0,0.001583390636369586,0.0317956879734993,0.0,0.0
135,heading_step_reset_0.01_t0,13.5,0.0,0.0,0.001781085622496903,0.03566211834549904,0.0,0.0
136,heading_step_reset_0.01_t0,13.600000000000001,0.0,0.0,0.0015707036945968866,0.03338927403092384,0.0,0.0
137,heading_step_reset_0.01_t0,13.700000000000001,0.0,0.0,0.0015347828157246113,0.0326373390853405,0.0,0.0
138,heading_step_reset_0.01_t0,13.8,0.0,0.0,0.0017267183866351843,0.03577664494514465,0.0,0.0
139,heading_step_reset_0.01_t0,13.9,0.0,0.0,0.0017261181492358446,0.03541240841150284,0.0,0.0
140,heading_step_reset_0.01_t0,14.0,0.0,0.0,0.0016065358649939299,0.03352867439389229,0.0,0.0
141,heading_step_reset_0.01_t0,14.100000000000001,0.0,0.0,0.0017471947940066457,0.035892337560653687,0.0,0.0
142,heading_step_reset_0.01_t0,14.200000000000001,0.0,0.0,0.001777878263965249,0.035284172743558884,0.0,0.0
143,heading_step_reset_0.01_t0,14.3,0.0,0.0,0.0017340299673378468,0.03490759804844856,0.0,0.0
144,speed_hold_out_0.05_t0,14.4,0.05,0.0,0.0017066532745957375,0.03548299893736839,0.0,0.05000000074505806
145,speed_hold_out_0.05_t0,14.5,0.05,0.0,0.0017029159935191274,0.04444078356027603,0.0,0.05000000074505806
146,speed_hold_out_0.05_t0,14.600000000000001,0.05,0.0,-0.003898078575730324,0.1196967214345932,0.0,0.05000000074505806
147,speed_hold_out_0.05_t0,14.700000000000001,0.05,0.0,-0.004501126706600189,0.165249302983284,0.0,0.05000000074505806
148,speed_hold_out_0.05_t0,14.8,0.05,0.0,-0.007356090005487204,0.2958621680736542,0.0,0.05000000074505806
149,speed_hold_out_0.05_t0,14.9,0.05,0.0,-0.010692054405808449,0.4633990228176117,0.0,0.05000000074505806
150,speed_hold_out_0.05_t0,15.0,0.05,0.0,-0.01240465510636568,0.5491092205047607,0.0,0.05000000074505806
151,speed_hold_out_0.05_t0,15.100000000000001,0.05,0.0,-0.017023084685206413,0.7968990802764893,0.0,0.05000000074505806
152,speed_hold_out_0.05_t0,15.200000000000001,0.05,0.0,-0.018094908446073532,0.8793486952781677,0.0,0.05000000074505806
153,speed_hold_out_0.05_t0,15.3,0.05,0.0,-0.020433759316802025,1.0532071590423584,0.0,0.05000000074505806
154,speed_hold_out_0.05_t0,15.4,0.05,0.0,-0.022997848689556122,1.2204258441925049,0.0,0.05000000074505806
155,speed_hold_out_0.05_t0,15.5,0.05,0.0,-0.023481089621782303,1.303151249885559,0.0,0.05000000074505806
156,speed_zero_out_0.05_t0,15.600000000000001,0.0,0.0,-0.022372664883732796,1.474856972694397,0.0,0.0
157,speed_zero_out_0.05_t0,15.700000000000001,0.0,0.0,-0.023265201598405838,1.5971686840057373,0.0,0.0
158,speed_zero_out_0.05_t0,15.8,0.0,0.0,-0.023025481030344963,1.6465715169906616,0.0,0.0
159,speed_zero_out_0.05_t0,15.9,0.0,0.0,-0.0254825372248888,1.7255582809448242,0.0,0.0
160,speed_zero_out_0.05_t0,16.0,0.0,0.0,-0.025463419035077095,1.741891622543335,0.0,0.0
161,speed_zero_out_0.05_t0,16.1,0.0,0.0,-0.02547803893685341,1.752335548400879,0.0,0.0
162,speed_zero_out_0.05_t0,16.2,0.0,0.0,-0.02559349499642849,1.7560921907424927,0.0,0.0
163,speed_zero_out_0.05_t0,16.3,0.0,0.0,-0.025607161223888397,1.7566930055618286,0.0,0.0
164,speed_zero_out_0.05_t0,16.400000000000002,0.0,0.0,-0.02554815448820591,1.7556846141815186,0.0,0.0
165,speed_zero_out_0.05_t0,16.5,0.0,0.0,-0.025508994236588478,1.7562546730041504,0.0,0.0
166,speed_zero_out_0.05_t0,16.6,0.0,0.0,-0.02552350051701069,1.758265733718872,0.0,0.0
167,speed_zero_out_0.05_t0,16.7,0.0,0.0,-0.02553279884159565,1.7563221454620361,0.0,0.0
168,speed_zero_out_0.05_t0,16.8,0.0,0.0,-0.02556229569017887,1.757237195968628,0.0,0.0
169,speed_zero_out_0.05_t0,16.900000000000002,0.0,0.0,-0.025575831532478333,1.7586976289749146,0.0,0.0
170,speed_zero_out_0.05_t0,17.0,0.0,0.0,-0.02555989660322666,1.7581050395965576,0.0,0.0
171,speed_zero_out_0.05_t0,17.1,0.0,0.0,-0.025535104796290398,1.7575935125350952,0.0,0.0
172,speed_zero_out_0.05_t0,17.2,0.0,0.0,-0.025550086051225662,1.7580493688583374,0.0,0.0
173,speed_zero_out_0.05_t0,17.3,0.0,0.0,-0.025568019598722458,1.7590490579605103,0.0,0.0
174,speed_zero_out_0.05_t0,17.400000000000002,0.0,0.0,-0.02556351013481617,1.7589236497879028,0.0,0.0
175,speed_zero_out_0.05_t0,17.5,0.0,0.0,-0.025559715926647186,1.7586740255355835,0.0,0.0
176,speed_zero_out_0.05_t0,17.6,0.0,0.0,-0.02555963769555092,1.7585983276367188,0.0,0.0
177,speed_zero_out_0.05_t0,17.7,0.0,0.0,-0.02556183747947216,1.758824348449707,0.0,0.0
178,speed_zero_out_0.05_t0,17.8,0.0,0.0,-0.02556757442653179,1.7592108249664307,0.0,0.0
179,speed_zero_out_0.05_t0,17.900000000000002,0.0,0.0,-0.025567686185240746,1.7592172622680664,0.0,0.0
180,speed_zero_out_0.05_t0,18.0,0.0,0.0,-0.02556828036904335,1.7592766284942627,0.0,0.0
181,speed_zero_out_0.05_t0,18.1,0.0,0.0,-0.025570083409547806,1.7594096660614014,0.0,0.0
182,speed_zero_out_0.05_t0,18.2,0.0,0.0,-0.025570623576641083,1.7594472169876099,0.0,0.0
183,speed_zero_out_0.05_t0,18.3,0.0,0.0,-0.025572527199983597,1.7595913410186768,0.0,0.0
184,speed_zero_out_0.05_t0,18.400000000000002,0.0,0.0,-0.025572657585144043,1.7596042156219482,0.0,0.0
185,speed_zero_out_0.05_t0,18.5,0.0,0.0,-0.02557425945997238,1.7597230672836304,0.0,0.0
186,heading_step_return_0.05_t0,18.6,0.0,3.141592653589793,-0.02557455375790596,1.7597465515136719,-3.1415927410125732,0.0
187,heading_step_return_0.05_t0,18.7,0.0,3.141592653589793,-0.024984240531921387,1.7614022493362427,-3.1415927410125732,0.0
188,heading_step_return_0.05_t0,18.8,0.0,3.141592653589793,-0.024332303553819656,1.7575523853302002,-3.1415927410125732,0.0
189,heading_step_return_0.05_t0,18.900000000000002,0.0,3.141592653589793,-0.02468552440404892,1.7515796422958374,-3.1415927410125732,0.0
190,heading_step_return_0.05_t0,19.0,0.0,3.141592653589793,-0.023929979652166367,1.7571183443069458,-3.1415927410125732,0.0
191,heading_step_return_0.05_t0,19.1,0.0,3.141592653589793,-0.024117648601531982,1.7542736530303955,-3.1415927410125732,0.0
192,heading_step_return_0.05_t0,19.200000000000003,0.0,3.141592653589793,-0.02405508980154991,1.7516753673553467,-3.1415927410125732,0.0
193,heading_step_return_0.05_t0,19.3,0.0,3.141592653589793,-0.023532027378678322,1.7554699182510376,-3.1415927410125732,0.0
194,heading_step_return_0.05_t0,19.400000000000002,0.0,3.141592653589793,-0.023745601996779442,1.752891182899475,-3.1415927410125732,0.0
195,heading_step_return_0.05_t0,19.5,0.0,3.141592653589793,-0.0232784915715456,1.7526581287384033,-3.1415927410125732,0.0
196,heading_step_return_0.05_t0,19.6,0.0,3.141592653589793,-0.023152654990553856,1.7548151016235352,-3.1415927410125732,0.0
197,heading_step_return_0.05_t0,19.700000000000003,0.0,3.141592653589793,-0.0232265405356884,1.7529358863830566,-3.1415927410125732,0.0
198,heading_step_return_0.05_t0,19.8,0.0,3.141592653589793,-0.02317657507956028,1.7518424987792969,-3.1415927410125732,0.0
199,heading_step_return_0.05_t0,19.900000000000002,0.0,3.141592653589793,-0.023353857919573784,1.753472089767456,-3.1415927410125732,0.0
200,heading_step_return_0.05_t0,20.0,0.0,3.141592653589793,-0.023210113868117332,1.7539387941360474,-3.1415927410125732,0.0
201,heading_step_return_0.05_t0,20.1,0.0,3.141592653589793,-0.02329435758292675,1.7537857294082642,-3.1415927410125732,0.0
202,heading_step_return_0.05_t0,20.200000000000003,0.0,3.141592653589793,-0.0233335942029953,1.7526925802230835,-3.1415927410125732,0.0
203,heading_step_return_0.05_t0,20.3,0.0,3.141592653589793,-0.023211052641272545,1.7525678873062134,-3.1415927410125732,0.0
204,heading_step_return_0.05_t0,20.400000000000002,0.0,3.141592653589793,-0.023335183039307594,1.7535254955291748,-3.1415927410125732,0.0
205,heading_step_return_0.05_t0,20.5,0.0,3.141592653589793,-0.02327798306941986,1.7531579732894897,-3.1415927410125732,0.0
206,heading_step_return_0.05_t0,20.6,0.0,3.141592653589793,-0.023266365751624107,1.7531794309616089,-3.1415927410125732,0.0
207,heading_step_return_0.05_t0,20.700000000000003,0.0,3.141592653589793,-0.023277590051293373,1.7533705234527588,-3.1415927410125732,0.0
208,heading_step_return_0.05_t0,20.8,0.0,3.141592653589793,-0.02321411855518818,1.7529770135879517,-3.1415927410125732,0.0
209,heading_step_return_0.05_t0,20.900000000000002,0.0,3.141592653589793,-0.02333011105656624,1.7532501220703125,-3.1415927410125732,0.0
210,heading_step_return_0.05_t0,21.0,0.0,3.141592653589793,-0.023178601637482643,1.7537548542022705,-3.1415927410125732,0.0
211,heading_step_return_0.05_t0,21.1,0.0,3.141592653589793,-0.023241061717271805,1.7535511255264282,-3.1415927410125732,0.0
212,heading_step_return_0.05_t0,21.200000000000003,0.0,3.141592653589793,-0.02321709878742695,1.7536532878875732,-3.1415927410125732,0.0
213,heading_step_return_0.05_t0,21.3,0.0,3.141592653589793,-0.02322549745440483,1.753593921661377,-3.1415927410125732,0.0
214,heading_step_return_0.05_t0,21.400000000000002,0.0,3.141592653589793,-0.023235883563756943,1.7536649703979492,-3.1415927410125732,0.0
215,heading_step_return_0.05_t0,21.5,0.0,3.141592653589793,-0.02327406406402588,1.753708839416504,-3.1415927410125732,0.0
216,speed_hold_return_0.05_t0,21.6,0.05,3.141592653589793,-0.023232514038681984,1.7537211179733276,-3.1415927410125732,0.05000000074505806
217,speed_hold_return_0.05_t0,21.700000000000003,0.05,3.141592653589793,-0.02299170196056366,1.7307881116867065,-3.1415927410125732,0.05000000074505806
218,speed_hold_return_0.05_t0,21.8,0.05,3.141592653589793,-0.01955590397119522,1.6672909259796143,-3.1415927410125732,0.05000000074505806
219,speed_hold_return_0.05_t0,21.900000000000002,0.05,3.141592653589793,-0.0208208616822958,1.6111809015274048,-3.1415927410125732,0.05000000074505806
220,speed_hold_return_0.05_t0,22.0,0.05,3.141592653589793,-0.017203491181135178,1.472877860069275,-3.1415927410125732,0.05000000074505806
221,speed_hold_return_0.05_t0,22.1,0.05,3.141592653589793,-0.012372123077511787,1.3060722351074219,-3.1415927410125732,0.05000000074505806
222,speed_hold_return_0.05_t0,22.200000000000003,0.05,3.141592653589793,-0.008002424612641335,1.1273666620254517,-3.1415927410125732,0.05000000074505806
223,speed_hold_return_0.05_t0,22.3,0.05,3.141592653589793,-0.0056235576048493385,1.038925051689148,-3.1415927410125732,0.05000000074505806
224,speed_hold_return_0.05_t0,22.400000000000002,0.05,3.141592653589793,-0.0009674365282990038,0.8700768351554871,-3.1415927410125732,0.05000000074505806
225,speed_hold_return_0.05_t0,22.5,0.05,3.141592653589793,0.007497233338654041,0.7000794410705566,-3.1415927410125732,0.05000000074505806
226,speed_hold_return_0.05_t0,22.6,0.05,3.141592653589793,0.011173213832080364,0.6141839027404785,-3.1415927410125732,0.05000000074505806
227,speed_hold_return_0.05_t0,22.700000000000003,0.05,3.141592653589793,0.021731749176979065,0.36113983392715454,-3.1415927410125732,0.05000000074505806
228,speed_zero_return_0.05_t0,22.8,0.0,3.141592653589793,0.02217341959476471,0.2760632336139679,-3.1415927410125732,0.0
229,speed_zero_return_0.05_t0,22.900000000000002,0.0,3.141592653589793,0.02184808813035488,0.14157554507255554,-3.1415927410125732,0.0
230,speed_zero_return_0.05_t0,23.0,0.0,3.141592653589793,0.024143295362591743,0.08756234496831894,-3.1415927410125732,0.0
231,speed_zero_return_0.05_t0,23.1,0.0,3.141592653589793,0.026960868388414383,0.006262178998440504,-3.1415927410125732,0.0
232,speed_zero_return_0.05_t0,23.200000000000003,0.0,3.141592653589793,0.026919124647974968,-0.020154546946287155,-3.1415927410125732,0.0
233,speed_zero_return_0.05_t0,23.3,0.0,3.141592653589793,0.027034394443035126,-0.023587102070450783,-3.1415927410125732,0.0
234,speed_zero_return_0.05_t0,23.400000000000002,0.0,3.141592653589793,0.02717740461230278,-0.028257912024855614,-3.1415927410125732,0.0
235,speed_zero_return_0.05_t0,23.5,0.0,3.141592653589793,0.02725234441459179,-0.02722030133008957,-3.1415927410125732,0.0
236,speed_zero_return_0.05_t0,23.6,0.0,3.141592653589793,0.027278831228613853,-0.02704135701060295,-3.1415927410125732,0.0
237,speed_zero_return_0.05_t0,23.700000000000003,0.0,3.141592653589793,0.027288220822811127,-0.028903508558869362,-3.1415927410125732,0.0
238,speed_zero_return_0.05_t0,23.8,0.0,3.141592653589793,0.027424406260252,-0.029393579810857773,-3.1415927410125732,0.0
239,speed_zero_return_0.05_t0,23.900000000000002,0.0,3.141592653589793,0.02737840637564659,-0.02890198864042759,-3.1415927410125732,0.0
240,speed_zero_return_0.05_t0,24.0,0.0,3.141592653589793,0.027385326102375984,-0.029531873762607574,-3.1415927410125732,0.0
241,speed_zero_return_0.05_t0,24.1,0.0,3.141592653589793,0.027390383183956146,-0.030857263132929802,-3.1415927410125732,0.0
242,speed_zero_return_0.05_t0,24.200000000000003,0.0,3.141592653589793,0.02732614241540432,-0.03044848144054413,-3.1415927410125732,0.0
243,speed_zero_return_0.05_t0,24.3,0.0,3.141592653589793,0.027329420670866966,-0.029997490346431732,-3.1415927410125732,0.0
244,speed_zero_return_0.05_t0,24.400000000000002,0.0,3.141592653589793,0.02735188975930214,-0.031138861551880836,-3.1415927410125732,0.0
245,speed_zero_return_0.05_t0,24.5,0.0,3.141592653589793,0.027288462966680527,-0.031305886805057526,-3.1415927410125732,0.0
246,speed_zero_return_0.05_t0,24.6,0.0,3.141592653589793,0.027292244136333466,-0.03055882640182972,-3.1415927410125732,0.0
247,speed_zero_return_0.05_t0,24.700000000000003,0.0,3.141592653589793,0.02729540504515171,-0.03219406306743622,-3.1415927410125732,0.0
248,speed_zero_return_0.05_t0,24.8,0.0,3.141592653589793,0.02729116380214691,-0.03218696266412735,-3.1415927410125732,0.0
249,speed_zero_return_0.05_t0,24.900000000000002,0.0,3.141592653589793,0.027290794998407364,-0.03135021775960922,-3.1415927410125732,0.0
250,speed_zero_return_0.05_t0,25.0,0.0,3.141592653589793,0.02729756571352482,-0.03250240162014961,-3.1415927410125732,0.0
251,speed_zero_return_0.05_t0,25.1,0.0,3.141592653589793,0.027315277606248856,-0.032062266021966934,-3.1415927410125732,0.0
252,speed_zero_return_0.05_t0,25.200000000000003,0.0,3.141592653589793,0.027299687266349792,-0.032253947108983994,-3.1415927410125732,0.0
253,speed_zero_return_0.05_t0,25.3,0.0,3.141592653589793,0.027304327115416527,-0.03258306533098221,-3.1415927410125732,0.0
254,speed_zero_return_0.05_t0,25.400000000000002,0.0,3.141592653589793,0.02731834165751934,-0.03236781060695648,-3.1415927410125732,0.0
255,speed_zero_return_0.05_t0,25.5,0.0,3.141592653589793,0.027325790375471115,-0.032654669135808945,-3.1415927410125732,0.0
256,speed_zero_return_0.05_t0,25.6,0.0,3.141592653589793,0.02731865458190441,-0.032670047134160995,-3.1415927410125732,0.0
257,speed_zero_return_0.05_t0,25.700000000000003,0.0,3.141592653589793,0.027320895344018936,-0.032886289060115814,-3.1415927410125732,0.0
258,heading_step_reset_0.05_t0,25.8,0.0,0.0,0.027324287220835686,-0.03285929560661316,0.0,0.0
259,heading_step_reset_0.05_t0,25.900000000000002,0.0,0.0,0.030032450333237648,-0.030478037893772125,0.0,0.0
260,heading_step_reset_0.05_t0,26.0,0.0,0.0,0.030763207003474236,-0.023586316034197807,0.0,0.0
261,heading_step_reset_0.05_t0,26.1,0.0,0.0,0.030253004282712936,-0.025044839829206467,0.0,0.0
262,heading_step_reset_0.05_t0,26.200000000000003,0.0,0.0,0.03007272072136402,-0.028618860989809036,0.0,0.0
263,heading_step_reset_0.05_t0,26.3,0.0,0.0,0.03022943064570427,-0.025408916175365448,0.0,0.0
264,heading_step_reset_0.05_t0,26.400000000000002,0.0,0.0,0.030003581196069717,-0.024755429476499557,0.0,0.0
265,heading_step_reset_0.05_t0,26.5,0.0,0.0,0.02977774105966091,-0.0279124453663826,0.0,0.0
266,heading_step_reset_0.05_t0,26.6,0.0,0.0,0.029787130653858185,-0.02790062129497528,0.0,0.0
267,heading_step_reset_0.05_t0,26.700000000000003,0.0,0.0,0.029850874096155167,-0.02510191686451435,0.0,0.0
268,heading_step_reset_0.05_t0,26.8,0.0,0.0,0.02978322096168995,-0.027883080765604973,0.0,0.0
269,heading_step_reset_0.05_t0,26.900000000000002,0.0,0.0,0.02979082614183426,-0.02756701409816742,0.0,0.0
270,heading_step_reset_0.05_t0,27.0,0.0,0.0,0.02983674965798855,-0.02504141256213188,0.0,0.0
271,heading_step_reset_0.05_t0,27.1,0.0,0.0,0.029742278158664703,-0.028980759903788567,0.0,0.0
272,heading_step_reset_0.05_t0,27.200000000000003,0.0,0.0,0.029733944684267044,-0.028999507427215576,0.0,0.0
273,heading_step_reset_0.05_t0,27.3,0.0,0.0,0.029753349721431732,-0.026398422196507454,0.0,0.0
274,heading_step_reset_0.05_t0,27.400000000000002,0.0,0.0,0.029751677066087723,-0.026506397873163223,0.0,0.0
275,heading_step_reset_0.05_t0,27.5,0.0,0.0,0.029735269024968147,-0.028731459751725197,0.0,0.0
276,heading_step_reset_0.05_t0,27.6,0.0,0.0,0.02977273240685463,-0.0271536186337471,0.0,0.0
277,heading_step_reset_0.05_t0,27.700000000000003,0.0,0.0,0.02977825328707695,-0.026954233646392822,0.0,0.0
278,heading_step_reset_0.05_t0,27.8,0.0,0.0,0.029732611030340195,-0.02853865548968315,0.0,0.0
279,heading_step_reset_0.05_t0,27.900000000000002,0.0,0.0,0.029747560620307922,-0.0279733557254076,0.0,0.0
280,heading_step_reset_0.05_t0,28.0,0.0,0.0,0.029736997559666634,-0.027745090425014496,0.0,0.0
281,heading_step_reset_0.05_t0,28.1,0.0,0.0,0.02974945306777954,-0.02832133322954178,0.0,0.0
282,heading_step_reset_0.05_t0,28.200000000000003,0.0,0.0,0.02973354049026966,-0.02753247506916523,0.0,0.0
283,heading_step_reset_0.05_t0,28.3,0.0,0.0,0.029751095920801163,-0.02824471890926361,0.0,0.0
284,heading_step_reset_0.05_t0,28.400000000000002,0.0,0.0,0.02974494732916355,-0.028004299849271774,0.0,0.0
285,heading_step_reset_0.05_t0,28.5,0.0,0.0,0.029746700078248978,-0.02799011394381523,0.0,0.0
286,heading_step_reset_0.05_t0,28.6,0.0,0.0,0.02974843420088291,-0.028206313028931618,0.0,0.0
287,heading_step_reset_0.05_t0,28.700000000000003,0.0,0.0,0.0297428909689188,-0.028050102293491364,0.0,0.0
288,speed_hold_out_0.08_t0,28.8,0.08,0.0,0.029749484732747078,-0.02814696729183197,0.0,0.07941176742315292
289,speed_hold_out_0.08_t0,28.900000000000002,0.08,0.0,0.029384078457951546,-0.015698470175266266,0.0,0.07941176742315292
290,speed_hold_out_0.08_t0,29.0,0.08,0.0,0.025675280019640923,0.027613215148448944,0.0,0.07941176742315292
291,speed_hold_out_0.08_t0,29.1,0.08,0.0,0.023926792666316032,0.13504663109779358,0.0,0.07941176742315292
292,speed_hold_out_0.08_t0,29.200000000000003,0.08,0.0,0.017948029562830925,0.3230550289154053,0.0,0.07941176742315292
293,speed_hold_out_0.08_t0,29.3,0.08,0.0,0.010463769547641277,0.5770366787910461,0.0,0.07941176742315292
294,speed_hold_out_0.08_t0,29.400000000000002,0.08,0.0,0.0057980637066066265,0.7161083817481995,0.0,0.07941176742315292
295,speed_hold_out_0.08_t0,29.5,0.08,0.0,-0.00137143034953624,0.9882786273956299,0.0,0.07941176742315292
296,speed_hold_out_0.08_t0,29.6,0.08,0.0,-0.0024178700987249613,1.2560406923294067,0.0,0.07941176742315292
297,speed_hold_out_0.08_t0,29.700000000000003,0.08,0.0,-0.0029604353476315737,1.3971049785614014,0.0,0.07941176742315292
298,speed_hold_out_0.08_t0,29.8,0.08,0.0,-0.008590590208768845,1.7971452474594116,0.0,0.07941176742315292
299,speed_hold_out_0.08_t0,29.900000000000002,0.08,0.0,-0.011438688263297081,1.929560661315918,0.0,0.07941176742315292
300,speed_zero_out_0.08_t0,30.0,0.0,0.0,-0.017327066510915756,2.1980950832366943,0.0,0.0
301,speed_zero_out_0.08_t0,30.1,0.0,0.0,-0.01839344948530197,2.314267635345459,0.0,0.0
302,speed_zero_out_0.08_t0,30.200000000000003,0.0,0.0,-0.023834228515625,2.4892733097076416,0.0,0.0
303,speed_zero_out_0.08_t0,30.3,0.0,0.0,-0.02577153593301773,2.6031267642974854,0.0,0.0
304,speed_zero_out_0.08_t0,30.400000000000002,0.0,0.0,-0.025519737973809242,2.6401970386505127,0.0,0.0
305,speed_zero_out_0.08_t0,30.5,0.0,0.0,-0.025984741747379303,2.672663688659668,0.0,0.0
306,speed_zero_out_0.08_t0,30.6,0.0,0.0,-0.025957582518458366,2.6831514835357666,0.0,0.0
307,speed_zero_out_0.08_t0,30.700000000000003,0.0,0.0,-0.02569258026778698,2.6860504150390625,0.0,0.0
308,speed_zero_out_0.08_t0,30.8,0.0,0.0,-0.02548893727362156,2.695202112197876,0.0,0.0
309,speed_zero_out_0.08_t0,30.900000000000002,0.0,0.0,-0.025136906653642654,2.6960039138793945,0.0,0.0
310,speed_zero_out_0.08_t0,31.0,0.0,0.0,-0.024920588359236717,2.6920318603515625,0.0,0.0
311,speed_zero_out_0.08_t0,31.1,0.0,0.0,-0.025031644850969315,2.697378158569336,0.0,0.0
312,speed_zero_out_0.08_t0,31.200000000000003,0.0,0.0,-0.02472759038209915,2.6969571113586426,0.0,0.0
313,speed_zero_out_0.08_t0,31.3,0.0,0.0,-0.02445518784224987,2.693783760070801,0.0,0.0
314,speed_zero_out_0.08_t0,31.400000000000002,0.0,0.0,-0.024596847593784332,2.6967196464538574,0.0,0.0
315,speed_zero_out_0.08_t0,31.5,0.0,0.0,-0.02459065429866314,2.697634220123291,0.0,0.0
316,speed_zero_out_0.08_t0,31.6,0.0,0.0,-0.024421604350209236,2.695345163345337,0.0,0.0
317,speed_zero_out_0.08_t0,31.700000000000003,0.0,0.0,-0.02464926987886429,2.6983935832977295,0.0,0.0
318,speed_zero_out_0.08_t0,31.8,0.0,0.0,-0.024736784398555756,2.697174310684204,0.0,0.0
319,speed_zero_out_0.08_t0,31.900000000000002,0.0,0.0,-0.024655435234308243,2.695651054382324,0.0,0.0
320,speed_zero_out_0.08_t0,32.0,0.0,0.0,-0.02485104650259018,2.699392318725586,0.0,0.0
321,speed_zero_out_0.08_t0,32.1,0.0,0.0,-0.025006551295518875,2.6969962120056152,0.0,0.0
322,speed_zero_out_0.08_t0,32.2,0.0,0.0,-0.02499176748096943,2.696410894393921,0.0,0.0
323,speed_zero_out_0.08_t0,32.300000000000004,0.0,0.0,-0.024930087849497795,2.6991922855377197,0.0,0.0
324,speed_zero_out_0.08_t0,32.4,0.0,0.0,-0.02501676231622696,2.6988120079040527,0.0,0.0
325,speed_zero_out_0.08_t0,32.5,0.0,0.0,-0.025063633918762207,2.6970162391662598,0.0,0.0
326,speed_zero_out_0.08_t0,32.6,0.0,0.0,-0.024967510253190994,2.699448585510254,0.0,0.0
327,speed_zero_out_0.08_t0,32.7,0.0,0.0,-0.024982398375868797,2.6987991333007812,0.0,0.0
328,speed_zero_out_0.08_t0,32.800000000000004,0.0,0.0,-0.025048203766345978,2.698317766189575,0.0,0.0
329,speed_zero_out_0.08_t0,32.9,0.0,0.0,-0.024916239082813263,2.6992416381835938,0.0,0.0
330,heading_step_return_0.08_t0,33.0,0.0,3.141592653589793,-0.024902163073420525,2.69775390625,-3.1415927410125732,0.0
331,heading_step_return_0.08_t0,33.1,0.0,3.141592653589793,-0.022819314152002335,2.695570468902588,-3.1415927410125732,0.0
332,heading_step_return_0.08_t0,33.2,0.0,3.141592653589793,-0.022057190537452698,2.6871140003204346,-3.1415927410125732,0.0
333,heading_step_return_0.08_t0,33.300000000000004,0.0,3.141592653589793,-0.022870898246765137,2.6847171783447266,-3.1415927410125732,0.0
334,heading_step_return_0.08_t0,33.4,0.0,3.141592653589793,-0.022609887644648552,2.691073417663574,-3.1415927410125732,0.0
335,heading_step_return_0.08_t0,33.5,0.0,3.141592653589793,-0.022725533694028854,2.6890578269958496,-3.1415927410125732,0.0
336,heading_step_return_0.08_t0,33.6,0.0,3.141592653589793,-0.023724203929305077,2.6831302642822266,-3.1415927410125732,0.0
337,heading_step_return_0.08_t0,33.7,0.0,3.141592653589793,-0.02386469580233097,2.6886377334594727,-3.1415927410125732,0.0
338,heading_step_return_0.08_t0,33.800000000000004,0.0,3.141592653589793,-0.0238107368350029,2.6858608722686768,-3.1415927410125732,0.0
339,heading_step_return_0.08_t0,33.9,0.0,3.141592653589793,-0.02457251399755478,2.6827895641326904,-3.1415927410125732,0.0
340,heading_step_return_0.08_t0,34.0,0.0,3.141592653589793,-0.024860605597496033,2.685776710510254,-3.1415927410125732,0.0
341,heading_step_return_0.08_t0,34.1,0.0,3.141592653589793,-0.024786384776234627,2.684697151184082,-3.1415927410125732,0.0
342,heading_step_return_0.08_t0,34.2,0.0,3.141592653589793,-0.025133220478892326,2.6827566623687744,-3.1415927410125732,0.0
343,heading_step_return_0.08_t0,34.300000000000004,0.0,3.141592653589793,-0.025518689304590225,2.6855380535125732,-3.1415927410125732,0.0
344,heading_step_return_0.08_t0,34.4,0.0,3.141592653589793,-0.0252128466963768,2.6828231811523438,-3.1415927410125732,0.0
345,heading_step_return_0.08_t0,34.5,0.0,3.141592653589793,-0.024812001734972,2.6809115409851074,-3.1415927410125732,0.0
346,heading_step_return_0.08_t0,34.6,0.0,3.141592653589793,-0.0254435483366251,2.6853530406951904,-3.1415927410125732,0.0
347,heading_step_return_0.08_t0,34.7,0.0,3.141592653589793,-0.02540176920592785,2.6848719120025635,-3.1415927410125732,0.0
348,heading_step_return_0.08_t0,34.800000000000004,0.0,3.141592653589793,-0.02470869943499565,2.6805832386016846,-3.1415927410125732,0.0
349,heading_step_return_0.08_t0,34.9,0.0,3.141592653589793,-0.02500799670815468,2.685636281967163,-3.1415927410125732,0.0
350,heading_step_return_0.08_t0,35.0,0.0,3.141592653589793,-0.024887416511774063,2.6836981773376465,-3.1415927410125732,0.0
351,heading_step_return_0.08_t0,35.1,0.0,3.141592653589793,-0.02454255521297455,2.6800811290740967,-3.1415927410125732,0.0
352,heading_step_return_0.08_t0,35.2,0.0,3.141592653589793,-0.024707766249775887,2.6831207275390625,-3.1415927410125732,0.0
353,heading_step_return_0.08_t0,35.300000000000004,0.0,3.141592653589793,-0.02471536584198475,2.68330454826355,-3.1415927410125732,0.0
354,heading_step_return_0.08_t0,35.4,0.0,3.141592653589793,-0.024531204253435135,2.679720401763916,-3.1415927410125732,0.0
355,heading_step_return_0.08_t0,35.5,0.0,3.141592653589793,-0.024661855772137642,2.6821658611297607,-3.1415927410125732,0.0
356,heading_step_return_0.08_t0,35.6,0.0,3.141592653589793,-0.024734213948249817,2.6838464736938477,-3.1415927410125732,0.0
357,heading_step_return_0.08_t0,35.7,0.0,3.141592653589793,-0.024625170975923538,2.681605339050293,-3.1415927410125732,0.0
358,heading_step_return_0.08_t0,35.800000000000004,0.0,3.141592653589793,-0.024602003395557404,2.6805713176727295,-3.1415927410125732,0.0
359,heading_step_return_0.08_t0,35.9,0.0,3.141592653589793,-0.02472551353275776,2.6825549602508545,-3.1415927410125732,0.0
360,speed_hold_return_0.08_t0,36.0,0.08,3.141592653589793,-0.02478235960006714,2.6839592456817627,-3.1415927410125732,0.07941176742315292
361,speed_hold_return_0.08_t0,36.1,0.08,3.141592653589793,-0.025836145505309105,2.6460373401641846,-3.1415927410125732,0.07941176742315292
362,speed_hold_return_0.08_t0,36.2,0.08,3.141592653589793,-0.028924627229571342,2.5681228637695312,-3.1415927410125732,0.07941176742315292
363,speed_hold_return_0.08_t0,36.300000000000004,0.08,3.141592653589793,-0.028890619054436684,2.492323637008667,-3.1415927410125732,0.07941176742315292
364,speed_hold_return_0.08_t0,36.4,0.08,3.141592653589793,-0.028940832242369652,2.2810678482055664,-3.1415927410125732,0.07941176742315292
365,speed_hold_return_0.08_t0,36.5,0.08,3.141592653589793,-0.027849983423948288,2.032334089279175,-3.1415927410125732,0.07941176742315292
366,speed_hold_return_0.08_t0,36.6,0.08,3.141592653589793,-0.026811035349965096,1.7561559677124023,-3.1415927410125732,0.07941176742315292
367,speed_hold_return_0.08_t0,36.7,0.08,3.141592653589793,-0.02605927735567093,1.608384609222412,-3.1415927410125732,0.07941176742315292
368,speed_hold_return_0.08_t0,36.800000000000004,0.08,3.141592653589793,-0.022095510736107826,1.3409534692764282,-3.1415927410125732,0.07941176742315292
369,speed_hold_return_0.08_t0,36.9,0.08,3.141592653589793,-0.01675691455602646,1.0753823518753052,-3.1415927410125732,0.07941176742315292
370,speed_hold_return_0.08_t0,37.0,0.08,3.141592653589793,-0.015363658778369427,0.9391234517097473,-3.1415927410125732,0.07941176742315292
371,speed_hold_return_0.08_t0,37.1,0.08,3.141592653589793,-0.008131217211484909,0.5255067944526672,-3.1415927410125732,0.07941176742315292
372,speed_zero_return_0.08_t0,37.2,0.0,3.141592653589793,-0.0044818758033216,0.39019322395324707,-3.1415927410125732,0.0
373,speed_zero_return_0.08_t0,37.300000000000004,0.0,3.141592653589793,-0.0008033835911192,0.18313246965408325,-3.1415927410125732,0.0
374,speed_zero_return_0.08_t0,37.4,0.0,3.141592653589793,-0.0024607237428426743,0.08031362295150757,-3.1415927410125732,0.0
375,speed_zero_return_0.08_t0,37.5,0.0,3.141592653589793,-0.0006808225298300385,-0.05184044688940048,-3.1415927410125732,0.0
376,speed_zero_return_0.08_t0,37.6,0.0,3.141592653589793,-0.0003198626509401947,-0.0928395465016365,-3.1415927410125732,0.0
377,speed_zero_return_0.08_t0,37.7,0.0,3.141592653589793,-5.680929098161869e-05,-0.13284607231616974,-3.1415927410125732,0.0
378,speed_zero_return_0.08_t0,37.800000000000004,0.0,3.141592653589793,0.00016882344789337367,-0.1412585824728012,-3.1415927410125732,0.0
379,speed_zero_return_0.08_t0,37.9,0.0,3.141592653589793,0.00016070323181338608,-0.14756923913955688,-3.1415927410125732,0.0
380,speed_zero_return_0.08_t0,38.0,0.0,3.141592653589793,3.758590901270509e-05,-0.15621072053909302,-3.1415927410125732,0.0
381,speed_zero_return_0.08_t0,38.1,0.0,3.141592653589793,-4.319283107179217e-05,-0.15477652847766876,-3.1415927410125732,0.0
382,speed_zero_return_0.08_t0,38.2,0.0,3.141592653589793,-2.5569779609213583e-05,-0.15247568488121033,-3.1415927410125732,0.0
383,speed_zero_return_0.08_t0,38.300000000000004,0.0,3.141592653589793,-8.344078378286213e-05,-0.15549607574939728,-3.1415927410125732,0.0
384,speed_zero_return_0.08_t0,38.400000000000006,0.0,3.141592653589793,-0.00012835058441851288,-0.15571601688861847,-3.1415927410125732,0.0
385,speed_zero_return_0.08_t0,38.5,0.0,3.141592653589793,-5.390394653659314e-05,-0.15330596268177032,-3.1415927410125732,0.0
386,speed_zero_return_0.08_t0,38.6,0.0,3.141592653589793,-6.586551171494648e-05,-0.1555704027414322,-3.1415927410125732,0.0
387,speed_zero_return_0.08_t0,38.7,0.0,3.141592653589793,-3.365098336871597e-06,-0.15759895741939545,-3.1415927410125732,0.0
388,speed_zero_return_0.08_t0,38.800000000000004,0.0,3.141592653589793,9.942649921867996e-05,-0.15401466190814972,-3.1415927410125732,0.0
389,speed_zero_return_0.08_t0,38.900000000000006,0.0,3.141592653589793,0.00011921201075892895,-0.1565592885017395,-3.1415927410125732,0.0
390,speed_zero_return_0.08_t0,39.0,0.0,3.141592653589793,0.00016682017303537577,-0.15789607167243958,-3.1415927410125732,0.0
391,speed_zero_return_0.08_t0,39.1,0.0,3.141592653589793,8.300019544549286e-05,-0.15432053804397583,-3.1415927410125732,0.0
392,speed_zero_return_0.08_t0,39.2,0.0,3.141592653589793,0.00010179608943872154,-0.15514624118804932,-3.1415927410125732,0.0
393,speed_zero_return_0.08_t0,39.300000000000004,0.0,3.141592653589793,7.361803000094369e-05,-0.15782758593559265,-3.1415927410125732,0.0
394,speed_zero_return_0.08_t0,39.400000000000006,0.0,3.141592653589793,8.748076652409509e-05,-0.15590234100818634,-3.1415927410125732,0.0
395,speed_zero_return_0.08_t0,39.5,0.0,3.141592653589793,7.507077680202201e-05,-0.1558087319135666,-3.1415927410125732,0.0
396,speed_zero_return_0.08_t0,39.6,0.0,3.141592653589793,0.00013450480764731765,-0.15758506953716278,-3.1415927410125732,0.0
397,speed_zero_return_0.08_t0,39.7,0.0,3.141592653589793,7.804839697200805e-05,-0.1560165137052536,-3.1415927410125732,0.0
398,speed_zero_return_0.08_t0,39.800000000000004,0.0,3.141592653589793,0.00010657338134478778,-0.15643611550331116,-3.1415927410125732,0.0
399,speed_zero_return_0.08_t0,39.900000000000006,0.0,3.141592653589793,8.371365402126685e-05,-0.15780839323997498,-3.1415927410125732,0.0
400,speed_zero_return_0.08_t0,40.0,0.0,3.141592653589793,0.00010767067578854039,-0.15667995810508728,-3.1415927410125732,0.0
401,speed_zero_return_0.08_t0,40.1,0.0,3.141592653589793,8.49671196192503e-05,-0.15636833012104034,-3.1415927410125732,0.0
402,heading_step_reset_0.08_t0,40.2,0.0,0.0,0.00010553647007327527,-0.15763644874095917,0.0,0.0
403,heading_step_reset_0.08_t0,40.300000000000004,0.0,0.0,-0.00018144689965993166,-0.15136252343654633,0.0,0.0
404,heading_step_reset_0.08_t0,40.400000000000006,0.0,0.0,0.00010908974218182266,-0.1481528878211975,0.0,0.0
405,heading_step_reset_0.08_t0,40.5,0.0,0.0,-0.00042955376557074487,-0.1463417112827301,0.0,0.0
406,heading_step_reset_0.08_t0,40.6,0.0,0.0,-6.274064799072221e-05,-0.14787055552005768,0.0,0.0
407,heading_step_reset_0.08_t0,40.7,0.0,0.0,-0.00011300161713734269,-0.14594806730747223,0.0,0.0
408,heading_step_reset_0.08_t0,40.800000000000004,0.0,0.0,-0.00042145090992562473,-0.14437098801136017,0.0,0.0
409,heading_step_reset_0.08_t0,40.900000000000006,0.0,0.0,0.00017130396736320108,-0.14599192142486572,0.0,0.0
410,heading_step_reset_0.08_t0,41.0,0.0,0.0,-2.3039067400532076e-06,-0.14494222402572632,0.0,0.0
411,heading_step_reset_0.08_t0,41.1,0.0,0.0,-0.0001578454684931785,-0.1433737725019455,0.0,0.0
412,heading_step_reset_0.08_t0,41.2,0.0,0.0,0.00042200114694423974,-0.14520257711410522,0.0,0.0
413,heading_step_reset_0.08_t0,41.300000000000004,0.0,0.0,0.00038826896343380213,-0.14593347907066345,0.0,0.0
414,heading_step_reset_0.08_t0,41.400000000000006,0.0,0.0,0.00017667569045443088,-0.14262640476226807,0.0,0.0
415,heading_step_reset_0.08_t0,41.5,0.0,0.0,0.000723597186151892,-0.1447352021932602,0.0,0.0
416,heading_step_reset_0.08_t0,41.6,0.0,0.0,0.0006598660256713629,-0.14537903666496277,0.0,0.0
417,heading_step_reset_0.08_t0,41.7,0.0,0.0,0.0005631204112432897,-0.14206139743328094,0.0,0.0
418,heading_step_reset_0.08_t0,41.800000000000004,0.0,0.0,0.00093500642105937,-0.14199306070804596,0.0,0.0
419,heading_step_reset_0.08_t0,41.900000000000006,0.0,0.0,0.0008951005293056369,-0.14467568695545197,0.0,0.0
420,heading_step_reset_0.08_t0,42.0,0.0,0.0,0.0008260650211013854,-0.14405392110347748,0.0,0.0
421,heading_step_reset_0.08_t0,42.1,0.0,0.0,0.0012390415649861097,-0.14160732924938202,0.0,0.0
422,heading_step_reset_0.08_t0,42.2,0.0,0.0,0.0012090157251805067,-0.14263050258159637,0.0,0.0
423,heading_step_reset_0.08_t0,42.300000000000004,0.0,0.0,0.000971585453953594,-0.14339298009872437,0.0,0.0
424,heading_step_reset_0.08_t0,42.400000000000006,0.0,0.0,0.0012804842554032803,-0.14170020818710327,0.0,0.0
425,heading_step_reset_0.08_t0,42.5,0.0,0.0,0.0011139122070744634,-0.14208616316318512,0.0,0.0
426,heading_step_reset_0.08_t0,42.6,0.0,0.0,0.001010076142847538,-0.14346757531166077,0.0,0.0
427,heading_step_reset_0.08_t0,42.7,0.0,0.0,0.0011190843069925904,-0.1416691392660141,0.0,0.0
428,heading_step_reset_0.08_t0,42.800000000000004,0.0,0.0,0.0009187577525153756,-0.14219795167446136,0.0,0.0
429,heading_step_reset_0.08_t0,42.900000000000006,0.0,0.0,0.000952548929490149,-0.14337874948978424,0.0,0.0
430,heading_step_reset_0.08_t0,43.0,0.0,0.0,0.000922459876164794,-0.1414022296667099,0.0,0.0
431,heading_step_reset_0.08_t0,43.1,0.0,0.0,0.0010046991519629955,-0.1421043425798416,0.0,0.0
432,speed_hold_out_0.11_t0,43.2,0.11,0.0,0.000977176008746028,-0.1429421454668045,0.0,0.10941176116466522
433,speed_hold_out_0.11_t0,43.300000000000004,0.11,0.0,0.00039299263153225183,-0.12273955345153809,0.0,0.10941176116466522
434,speed_hold_out_0.11_t0,43.400000000000006,0.11,0.0,-0.002652387134730816,-0.08657347410917282,0.0,0.10941176116466522
435,speed_hold_out_0.11_t0,43.5,0.11,0.0,-0.008691691793501377,0.1262790560722351,0.0,0.10941176116466522
436,speed_hold_out_0.11_t0,43.6,0.11,0.0,-0.012405634857714176,0.252135306596756,0.0,0.10941176116466522
437,speed_hold_out_0.11_t0,43.7,0.11,0.0,-0.02172294445335865,0.5603048205375671,0.0,0.10941176116466522
438,speed_hold_out_0.11_t0,43.800000000000004,0.11,0.0,-0.027439774945378304,0.7301556468009949,0.0,0.10941176116466522
439,speed_hold_out_0.11_t0,43.900000000000006,0.11,0.0,-0.037522319704294205,1.0916608572006226,0.0,0.10941176116466522
440,speed_hold_out_0.11_t0,44.0,0.11,0.0,-0.04545225203037262,1.4616141319274902,0.0,0.10941176116466522
441,speed_hold_out_0.11_t0,44.1,0.11,0.0,-0.04808522388339043,1.6416279077529907,0.0,0.10941176116466522
442,speed_hold_out_0.11_t0,44.2,0.11,0.0,-0.054686304181814194,2.0199403762817383,0.0,0.10941176116466522
443,speed_hold_out_0.11_t0,44.300000000000004,0.11,0.0,-0.0607510507106781,2.3845643997192383,0.0,0.10941176116466522
444,speed_zero_out_0.11_t0,44.400000000000006,0.0,0.0,-0.06331047415733337,2.5678794384002686,0.0,0.0
445,speed_zero_out_0.11_t0,44.5,0.0,0.0,-0.06770529597997665,2.8923404216766357,0.0,0.0
446,speed_zero_out_0.11_t0,44.6,0.0,0.0,-0.07428102940320969,3.158092975616455,0.0,0.0
447,speed_zero_out_0.11_t0,44.7,0.0,0.0,-0.07535144686698914,3.236549139022827,0.0,0.0
448,speed_zero_out_0.11_t0,44.800000000000004,0.0,0.0,-0.07511524856090546,3.358072280883789,0.0,0.0
449,speed_zero_out_0.11_t0,44.900000000000006,0.0,0.0,-0.07533349841833115,3.397606611251831,0.0,0.0
450,speed_zero_out_0.11_t0,45.0,0.0,0.0,-0.0753173753619194,3.4277541637420654,0.0,0.0
451,speed_zero_out_0.11_t0,45.1,0.0,0.0,-0.07558155804872513,3.428905963897705,0.0,0.0
452,speed_zero_out_0.11_t0,45.2,0.0,0.0,-0.07606478780508041,3.4380452632904053,0.0,0.0
453,speed_zero_out_0.11_t0,45.300000000000004,0.0,0.0,-0.07602253556251526,3.435281991958618,0.0,0.0
454,speed_zero_out_0.11_t0,45.400000000000006,0.0,0.0,-0.07597276568412781,3.4342339038848877,0.0,0.0
455,speed_zero_out_0.11_t0,45.5,0.0,0.0,-0.07578760385513306,3.4391989707946777,0.0,0.0
456,speed_zero_out_0.11_t0,45.6,0.0,0.0,-0.07614549994468689,3.441039800643921,0.0,0.0
457,speed_zero_out_0.11_t0,45.7,0.0,0.0,-0.07606401294469833,3.4359045028686523,0.0,0.0
458,speed_zero_out_0.11_t0,45.800000000000004,0.0,0.0,-0.0760968029499054,3.4377024173736572,0.0,0.0
459,speed_zero_out_0.11_t0,45.900000000000006,0.0,0.0,-0.07609453797340393,3.4414138793945312,0.0,0.0
460,speed_zero_out_0.11_t0,46.0,0.0,0.0,-0.07606956362724304,3.4378180503845215,0.0,0.0
461,speed_zero_out_0.11_t0,46.1,0.0,0.0,-0.07613354176282883,3.4385361671447754,0.0,0.0
462,speed_zero_out_0.11_t0,46.2,0.0,0.0,-0.07621196657419205,3.441319465637207,0.0,0.0
463,speed_zero_out_0.11_t0,46.300000000000004,0.0,0.0,-0.07605244964361191,3.440880537033081,0.0,0.0
464,speed_zero_out_0.11_t0,46.400000000000006,0.0,0.0,-0.07613714039325714,3.4394662380218506,0.0,0.0
465,speed_zero_out_0.11_t0,46.5,0.0,0.0,-0.07611154764890671,3.4415318965911865,0.0,0.0
466,speed_zero_out_0.11_t0,46.6,0.0,0.0,-0.07615343481302261,3.4418585300445557,0.0,0.0
467,speed_zero_out_0.11_t0,46.7,0.0,0.0,-0.07614716142416,3.4400577545166016,0.0,0.0
468,speed_zero_out_0.11_t0,46.800000000000004,0.0,0.0,-0.0760922059416771,3.440115451812744,0.0,0.0
469,speed_zero_out_0.11_t0,46.900000000000006,0.0,0.0,-0.07614258676767349,3.442361831665039,0.0,0.0
470,speed_zero_out_0.11_t0,47.0,0.0,0.0,-0.07612835615873337,3.440997362136841,0.0,0.0
471,speed_zero_out_0.11_t0,47.1,0.0,0.0,-0.07612243294715881,3.441357135772705,0.0,0.0
472,speed_zero_out_0.11_t0,47.2,0.0,0.0,-0.07612041383981705,3.442654609680176,0.0,0.0
473,speed_zero_out_0.11_t0,47.300000000000004,0.0,0.0,-0.07613502442836761,3.4411227703094482,0.0,0.0
474,heading_step_return_0.11_t0,47.400000000000006,0.0,3.141592653589793,-0.07644230872392654,3.4391772747039795,-3.1415927410125732,0.0
475,heading_step_return_0.11_t0,47.5,0.0,3.141592653589793,-0.07236286252737045,3.4362988471984863,-3.1415927410125732,0.0
476,heading_step_return_0.11_t0,47.6,0.0,3.141592653589793,-0.07170374691486359,3.4226553440093994,-3.1415927410125732,0.0
477,heading_step_return_0.11_t0,47.7,0.0,3.141592653589793,-0.07234647870063782,3.4247515201568604,-3.1415927410125732,0.0
478,heading_step_return_0.11_t0,47.800000000000004,0.0,3.141592653589793,-0.07159220427274704,3.433742046356201,-3.1415927410125732,0.0
479,heading_step_return_0.11_t0,47.900000000000006,0.0,3.141592653589793,-0.07142943143844604,3.4340953826904297,-3.1415927410125732,0.0
480,heading_step_return_0.11_t0,48.0,0.0,3.141592653589793,-0.07212234288454056,3.4317386150360107,-3.1415927410125732,0.0
481,heading_step_return_0.11_t0,48.1,0.0,3.141592653589793,-0.07210704684257507,3.4339351654052734,-3.1415927410125732,0.0
482,heading_step_return_0.11_t0,48.2,0.0,3.141592653589793,-0.07179092615842819,3.4346225261688232,-3.1415927410125732,0.0
483,heading_step_return_0.11_t0,48.300000000000004,0.0,3.141592653589793,-0.07185731828212738,3.434795618057251,-3.1415927410125732,0.0
484,heading_step_return_0.11_t0,48.400000000000006,0.0,3.141592653589793,-0.0720662996172905,3.4344959259033203,-3.1415927410125732,0.0
485,heading_step_return_0.11_t0,48.5,0.0,3.141592653589793,-0.07180116325616837,3.4339773654937744,-3.1415927410125732,0.0
486,heading_step_return_0.11_t0,48.6,0.0,3.141592653589793,-0.0715833455324173,3.4353249073028564,-3.1415927410125732,0.0
487,heading_step_return_0.11_t0,48.7,0.0,3.141592653589793,-0.07170352339744568,3.435624122619629,-3.1415927410125732,0.0
488,heading_step_return_0.11_t0,48.800000000000004,0.0,3.141592653589793,-0.07170810550451279,3.435919761657715,-3.1415927410125732,0.0
489,heading_step_return_0.11_t0,48.900000000000006,0.0,3.141592653589793,-0.07178568840026855,3.4339816570281982,-3.1415927410125732,0.0
490,heading_step_return_0.11_t0,49.0,0.0,3.141592653589793,-0.07176829129457474,3.435992956161499,-3.1415927410125732,0.0
491,heading_step_return_0.11_t0,49.1,0.0,3.141592653589793,-0.07174186408519745,3.4363744258880615,-3.1415927410125732,0.0
492,heading_step_return_0.11_t0,49.2,0.0,3.141592653589793,-0.07176613807678223,3.434175729751587,-3.1415927410125732,0.0
493,heading_step_return_0.11_t0,49.300000000000004,0.0,3.141592653589793,-0.07166529446840286,3.4357845783233643,-3.1415927410125732,0.0
494,heading_step_return_0.11_t0,49.400000000000006,0.0,3.141592653589793,-0.07174035906791687,3.4351871013641357,-3.1415927410125732,0.0
495,heading_step_return_0.11_t0,49.5,0.0,3.141592653589793,-0.07171660661697388,3.4339065551757812,-3.1415927410125732,0.0
496,heading_step_return_0.11_t0,49.6,0.0,3.141592653589793,-0.07159886509180069,3.435177803039551,-3.1415927410125732,0.0
497,heading_step_return_0.11_t0,49.7,0.0,3.141592653589793,-0.07166738063097,3.4347047805786133,-3.1415927410125732,0.0
498,heading_step_return_0.11_t0,49.800000000000004,0.0,3.141592653589793,-0.07171383500099182,3.4344305992126465,-3.1415927410125732,0.0
499,heading_step_return_0.11_t0,49.900000000000006,0.0,3.141592653589793,-0.07158485054969788,3.4354093074798584,-3.1415927410125732,0.0
500,heading_step_return_0.11_t0,50.0,0.0,3.141592653589793,-0.07167326658964157,3.4345688819885254,-3.1415927410125732,0.0
501,heading_step_return_0.11_t0,50.1,0.0,3.141592653589793,-0.07163500785827637,3.4353978633880615,-3.1415927410125732,0.0
502,heading_step_return_0.11_t0,50.2,0.0,3.141592653589793,-0.07166460156440735,3.4340429306030273,-3.1415927410125732,0.0
503,heading_step_return_0.11_t0,50.300000000000004,0.0,3.141592653589793,-0.07164275646209717,3.4341073036193848,-3.1415927410125732,0.0
504,speed_hold_return_0.11_t0,50.400000000000006,0.11,3.141592653589793,-0.07164119929075241,3.4349875450134277,-3.1415927410125732,0.10941176116466522
505,speed_hold_return_0.11_t0,50.5,0.11,3.141592653589793,-0.0716974064707756,3.4341859817504883,-3.1415927410125732,0.10941176116466522
506,speed_hold_return_0.11_t0,50.6,0.11,3.141592653589793,-0.06703436374664307,3.3082692623138428,-3.1415927410125732,0.10941176116466522
507,speed_hold_return_0.11_t0,50.7,0.11,3.141592653589793,-0.06475522369146347,3.225630521774292,-3.1415927410125732,0.10941176116466522
508,speed_hold_return_0.11_t0,50.800000000000004,0.11,3.141592653589793,-0.05775292217731476,2.995365858078003,-3.1415927410125732,0.10941176116466522
509,speed_hold_return_0.11_t0,50.900000000000006,0.11,3.141592653589793,-0.05123477429151535,2.6728169918060303,-3.1415927410125732,0.10941176116466522
510,speed_hold_return_0.11_t0,51.0,0.11,3.141592653589793,-0.045569926500320435,2.4999566078186035,-3.1415927410125732,0.10941176116466522
511,speed_hold_return_0.11_t0,51.1,0.11,3.141592653589793,-0.03268751874566078,2.135483741760254,-3.1415927410125732,0.10941176116466522
512,speed_hold_return_0.11_t0,51.2,0.11,3.141592653589793,-0.021199654787778854,1.7644342184066772,-3.1415927410125732,0.10941176116466522
513,speed_hold_return_0.11_t0,51.300000000000004,0.11,3.141592653589793,-0.011875108815729618,1.3865551948547363,-3.1415927410125732,0.10941176116466522
514,speed_hold_return_0.11_t0,51.400000000000006,0.11,3.141592653589793,-0.008340043015778065,1.20274019241333,-3.1415927410125732,0.10941176116466522
515,speed_hold_return_0.11_t0,51.5,0.11,3.141592653589793,6.786904123146087e-05,0.8443301916122437,-3.1415927410125732,0.10941176116466522
516,speed_zero_return_0.11_t0,51.6,0.0,3.141592653589793,0.008816337212920189,0.4810607433319092,-3.1415927410125732,0.0
517,speed_zero_return_0.11_t0,51.7,0.0,3.141592653589793,0.013174396008253098,0.2974301278591156,-3.1415927410125732,0.0
518,speed_zero_return_0.11_t0,51.800000000000004,0.0,3.141592653589793,0.025812804698944092,0.04519040882587433,-3.1415927410125732,0.0
519,speed_zero_return_0.11_t0,51.900000000000006,0.0,3.141592653589793,0.027485182508826256,-0.13207267224788666,-3.1415927410125732,0.0
520,speed_zero_return_0.11_t0,52.0,0.0,3.141592653589793,0.029453255236148834,-0.19270053505897522,-3.1415927410125732,0.0
521,speed_zero_return_0.11_t0,52.1,0.0,3.141592653589793,0.03057537041604519,-0.26902878284454346,-3.1415927410125732,0.0
522,speed_zero_return_0.11_t0,52.2,0.0,3.141592653589793,0.03091416507959366,-0.28670331835746765,-3.1415927410125732,0.0
523,speed_zero_return_0.11_t0,52.300000000000004,0.0,3.141592653589793,0.03084569424390793,-0.2939372956752777,-3.1415927410125732,0.0
524,speed_zero_return_0.11_t0,52.400000000000006,0.0,3.141592653589793,0.030789952725172043,-0.2949311137199402,-3.1415927410125732,0.0
525,speed_zero_return_0.11_t0,52.5,0.0,3.141592653589793,0.030894046649336815,-0.30510732531547546,-3.1415927410125732,0.0
526,speed_zero_return_0.11_t0,52.6,0.0,3.141592653589793,0.031309615820646286,-0.2992500960826874,-3.1415927410125732,0.0
527,speed_zero_return_0.11_t0,52.7,0.0,3.141592653589793,0.03151939809322357,-0.2992922067642212,-3.1415927410125732,0.0
528,speed_zero_return_0.11_t0,52.800000000000004,0.0,3.141592653589793,0.03169696405529976,-0.3058973252773285,-3.1415927410125732,0.0
529,speed_zero_return_0.11_t0,52.900000000000006,0.0,3.141592653589793,0.031952254474163055,-0.3044986426830292,-3.1415927410125732,0.0
530,speed_zero_return_0.11_t0,53.0,0.0,3.141592653589793,0.032033465802669525,-0.301345556974411,-3.1415927410125732,0.0
531,speed_zero_return_0.11_t0,53.1,0.0,3.141592653589793,0.031958360224962234,-0.30406543612480164,-3.1415927410125732,0.0
532,speed_zero_return_0.11_t0,53.2,0.0,3.141592653589793,0.03203420341014862,-0.3055287301540375,-3.1415927410125732,0.0
533,speed_zero_return_0.11_t0,53.300000000000004,0.0,3.141592653589793,0.031980764120817184,-0.303070992231369,-3.1415927410125732,0.0
534,speed_zero_return_0.11_t0,53.400000000000006,0.0,3.141592653589793,0.031934645026922226,-0.3049875795841217,-3.1415927410125732,0.0
535,speed_zero_return_0.11_t0,53.5,0.0,3.141592653589793,0.03180493414402008,-0.30582529306411743,-3.1415927410125732,0.0
536,speed_zero_return_0.11_t0,53.6,0.0,3.141592653589793,0.03176845237612724,-0.303912878036499,-3.1415927410125732,0.0
537,speed_zero_return_0.11_t0,53.7,0.0,3.141592653589793,0.0317298024892807,-0.3050400912761688,-3.1415927410125732,0.0
538,speed_zero_return_0.11_t0,53.800000000000004,0.0,3.141592653589793,0.031590770930051804,-0.30695316195487976,-3.1415927410125732,0.0
539,speed_zero_return_0.11_t0,53.900000000000006,0.0,3.141592653589793,0.03151686489582062,-0.30434805154800415,-3.1415927410125732,0.0
540,speed_zero_return_0.11_t0,54.0,0.0,3.141592653589793,0.03151163458824158,-0.3034704029560089,-3.1415927410125732,0.0
541,speed_zero_return_0.11_t0,54.1,0.0,3.141592653589793,0.03141455352306366,-0.3070538640022278,-3.1415927410125732,0.0
542,speed_zero_return_0.11_t0,54.2,0.0,3.141592653589793,0.031590476632118225,-0.30533871054649353,-3.1415927410125732,0.0
543,speed_zero_return_0.11_t0,54.300000000000004,0.0,3.141592653589793,0.03159660845994949,-0.3046513497829437,-3.1415927410125732,0.0
544,speed_zero_return_0.11_t0,54.400000000000006,0.0,3.141592653589793,0.03154781088232994,-0.3066489100456238,-3.1415927410125732,0.0
545,speed_zero_return_0.11_t0,54.5,0.0,3.141592653589793,0.03164181858301163,-0.3062067925930023,-3.1415927410125732,0.0
546,heading_step_reset_0.11_t0,54.6,0.0,0.0,0.03164291009306908,-0.3059007227420807,0.0,0.0
547,heading_step_reset_0.11_t0,54.7,0.0,0.0,0.03749740496277809,-0.30225586891174316,0.0,0.0
548,heading_step_reset_0.11_t0,54.800000000000004,0.0,0.0,0.03769594803452492,-0.298298180103302,0.0,0.0
549,heading_step_reset_0.11_t0,54.900000000000006,0.0,0.0,0.03762005269527435,-0.29827776551246643,0.0,0.0
550,heading_step_reset_0.11_t0,55.0,0.0,0.0,0.03788524493575096,-0.2997942268848419,0.0,0.0
551,heading_step_reset_0.11_t0,55.1,0.0,0.0,0.037550318986177444,-0.29910412430763245,0.0,0.0
552,heading_step_reset_0.11_t0,55.2,0.0,0.0,0.038063645362854004,-0.2984634339809418,0.0,0.0
553,heading_step_reset_0.11_t0,55.300000000000004,0.0,0.0,0.037937331944704056,-0.2995203733444214,0.0,0.0
554,heading_step_reset_0.11_t0,55.400000000000006,0.0,0.0,0.03784986957907677,-0.2989192008972168,0.0,0.0
555,heading_step_reset_0.11_t0,55.5,0.0,0.0,0.03811134770512581,-0.2982272207736969,0.0,0.0
556,heading_step_reset_0.11_t0,55.6,0.0,0.0,0.03778206557035446,-0.2997409701347351,0.0,0.0
557,heading_step_reset_0.11_t0,55.7,0.0,0.0,0.03779105097055435,-0.30009910464286804,0.0,0.0
558,heading_step_reset_0.11_t0,55.800000000000004,0.0,0.0,0.03799643740057945,-0.2984754741191864,0.0,0.0
559,heading_step_reset_0.11_t0,55.900000000000006,0.0,0.0,0.03767012432217598,-0.299856960773468,0.0,0.0
560,heading_step_reset_0.11_t0,56.0,0.0,0.0,0.037706755101680756,-0.30032145977020264,0.0,0.0
561,heading_step_reset_0.11_t0,56.1,0.0,0.0,0.03788696974515915,-0.29873403906822205,0.0,0.0
562,heading_step_reset_0.11_t0,56.2,0.0,0.0,0.03771426901221275,-0.29872387647628784,0.0,0.0
563,heading_step_reset_0.11_t0,56.300000000000004,0.0,0.0,0.037734225392341614,-0.30018892884254456,0.0,0.0
564,heading_step_reset_0.11_t0,56.400000000000006,0.0,0.0,0.03763064742088318,-0.29903438687324524,0.0,0.0
565,heading_step_reset_0.11_t0,56.5,0.0,0.0,0.03756928816437721,-0.29926395416259766,0.0,0.0
566,heading_step_reset_0.11_t0,56.6,0.0,0.0,0.037746381014585495,-0.2999335527420044,0.0,0.0
567,heading_step_reset_0.11_t0,56.7,0.0,0.0,0.037643250077962875,-0.2995166778564453,0.0,0.0
568,heading_step_reset_0.11_t0,56.800000000000004,0.0,0.0,0.03767523169517517,-0.2993045747280121,0.0,0.0
569,heading_step_reset_0.11_t0,56.900000000000006,0.0,0.0,0.03774040564894676,-0.30005696415901184,0.0,0.0
570,heading_step_reset_0.11_t0,57.0,0.0,0.0,0.03765266761183739,-0.2992939352989197,0.0,0.0
571,heading_step_reset_0.11_t0,57.1,0.0,0.0,0.037650156766176224,-0.2996327877044678,0.0,0.0
572,heading_step_reset_0.11_t0,57.2,0.0,0.0,0.037745531648397446,-0.29971569776535034,0.0,0.0
573,heading_step_reset_0.11_t0,57.300000000000004,0.0,0.0,0.03774372488260269,-0.2995296120643616,0.0,0.0
574,heading_step_reset_0.11_t0,57.400000000000006,0.0,0.0,0.03770988807082176,-0.299748033285141,0.0,0.0
575,heading_step_reset_0.11_t0,57.5,0.0,0.0,0.03772326931357384,-0.29972460865974426,0.0,0.0
576,speed_hold_out_0.15_t0,57.6,0.15,0.0,0.03772120550274849,-0.29969391226768494,0.0,0.15000000596046448
577,speed_hold_out_0.15_t0,57.7,0.15,0.0,0.037459470331668854,-0.28468817472457886,0.0,0.15000000596046448
578,speed_hold_out_0.15_t0,57.800000000000004,0.15,0.0,0.03442366048693657,-0.2156241536140442,0.0,0.15000000596046448
579,speed_hold_out_0.15_t0,57.900000000000006,0.15,0.0,0.03144579753279686,-0.13186073303222656,0.0,0.15000000596046448
580,speed_hold_out_0.15_t0,58.0,0.15,0.0,0.01968417502939701,0.22797222435474396,0.0,0.15000000596046448
581,speed_hold_out_0.15_t0,58.1,0.15,0.0,0.017350105568766594,0.39453360438346863,0.0,0.15000000596046448
582,speed_hold_out_0.15_t0,58.2,0.15,0.0,0.008650892414152622,0.799384355545044,0.0,0.15000000596046448
583,speed_hold_out_0.15_t0,58.300000000000004,0.15,0.0,0.003997392486780882,1.0173949003219604,0.0,0.15000000596046448
584,speed_hold_out_0.15_t0,58.400000000000006,0.15,0.0,-0.0037745439913123846,1.480798363685608,0.0,0.15000000596046448
585,speed_hold_out_0.15_t0,58.5,0.15,0.0,-0.013051638379693031,1.962007999420166,0.0,0.15000000596046448
586,speed_hold_out_0.15_t0,58.6,0.15,0.0,-0.017632165923714638,2.200718641281128,0.0,0.15000000596046448
587,speed_hold_out_0.15_t0,58.7,0.15,0.0,-0.030216777697205544,2.911167621612549,0.0,0.15000000596046448
588,speed_zero_out_0.15_t0,58.800000000000004,0.0,0.0,-0.03400108218193054,3.1628081798553467,0.0,0.0
589,speed_zero_out_0.15_t0,58.900000000000006,0.0,0.0,-0.04077892377972603,3.5947487354278564,0.0,0.0
590,speed_zero_out_0.15_t0,59.0,0.0,0.0,-0.048527784645557404,3.7638492584228516,0.0,0.0
591,speed_zero_out_0.15_t0,59.1,0.0,0.0,-0.05764453113079071,4.072048187255859,0.0,0.0
592,speed_zero_out_0.15_t0,59.2,0.0,0.0,-0.0567590668797493,4.173087120056152,0.0,0.0
593,speed_zero_out_0.15_t0,59.300000000000004,0.0,0.0,-0.056962527334690094,4.304507255554199,0.0,0.0
594,speed_zero_out_0.15_t0,59.400000000000006,0.0,0.0,-0.057508159428834915,4.378641128540039,0.0,0.0
595,speed_zero_out_0.15_t0,59.5,0.0,0.0,-0.05767250433564186,4.394590377807617,0.0,0.0
596,speed_zero_out_0.15_t0,59.6,0.0,0.0,-0.05805402621626854,4.402492046356201,0.0,0.0
597,speed_zero_out_0.15_t0,59.7,0.0,0.0,-0.05767754465341568,4.409862995147705,0.0,0.0
598,speed_zero_out_0.15_t0,59.800000000000004,0.0,0.0,-0.05749743431806564,4.413852691650391,0.0,0.0
599,speed_zero_out_0.15_t0,59.900000000000006,0.0,0.0,-0.057308174669742584,4.413747787475586,0.0,0.0
600,speed_zero_out_0.15_t0,60.0,0.0,0.0,-0.05732316896319389,4.414220809936523,0.0,0.0
601,speed_zero_out_0.15_t0,60.1,0.0,0.0,-0.05733003094792366,4.414865016937256,0.0,0.0
602,speed_zero_out_0.15_t0,60.2,0.0,0.0,-0.05732045695185661,4.414531230926514,0.0,0.0
603,speed_zero_out_0.15_t0,60.300000000000004,0.0,0.0,-0.057405661791563034,4.415741443634033,0.0,0.0
604,speed_zero_out_0.15_t0,60.400000000000006,0.0,0.0,-0.05737739056348801,4.4147629737854,0.0,0.0
605,speed_zero_out_0.15_t0,60.5,0.0,0.0,-0.0573425255715847,4.415247917175293,0.0,0.0
606,speed_zero_out_0.15_t0,60.6,0.0,0.0,-0.05737597122788429,4.4156718254089355,0.0,0.0
607,speed_zero_out_0.15_t0,60.7,0.0,0.0,-0.05739178508520126,4.415687084197998,0.0,0.0
608,speed_zero_out_0.15_t0,60.800000000000004,0.0,0.0,-0.057402268052101135,4.415722370147705,0.0,0.0
609,speed_zero_out_0.15_t0,60.900000000000006,0.0,0.0,-0.05739680305123329,4.4157304763793945,0.0,0.0
610,speed_zero_out_0.15_t0,61.0,0.0,0.0,-0.05739220231771469,4.415837287902832,0.0,0.0
611,speed_zero_out_0.15_t0,61.1,0.0,0.0,-0.05739352107048035,4.415960788726807,0.0,0.0
612,speed_zero_out_0.15_t0,61.2,0.0,0.0,-0.05739574134349823,4.416074275970459,0.0,0.0
613,speed_zero_out_0.15_t0,61.300000000000004,0.0,0.0,-0.05739552527666092,4.416219234466553,0.0,0.0
614,speed_zero_out_0.15_t0,61.400000000000006,0.0,0.0,-0.057395268231630325,4.416286468505859,0.0,0.0
615,speed_zero_out_0.15_t0,61.5,0.0,0.0,-0.05739586427807808,4.416418552398682,0.0,0.0
616,speed_zero_out_0.15_t0,61.6,0.0,0.0,-0.05739547312259674,4.416479110717773,0.0,0.0
617,speed_zero_out_0.15_t0,61.7,0.0,0.0,-0.057396017014980316,4.416604042053223,0.0,0.0
618,heading_step_return_0.15_t0,61.800000000000004,0.0,3.141592653589793,-0.05735786259174347,4.4171223640441895,-3.1415927410125732,0.0
619,heading_step_return_0.15_t0,61.900000000000006,0.0,3.141592653589793,-0.05527458339929581,4.417751312255859,-3.1415927410125732,0.0
620,heading_step_return_0.15_t0,62.0,0.0,3.141592653589793,-0.05498500168323517,4.41090726852417,-3.1415927410125732,0.0
621,heading_step_return_0.15_t0,62.1,0.0,3.141592653589793,-0.0554155595600605,4.408953666687012,-3.1415927410125732,0.0
622,heading_step_return_0.15_t0,62.2,0.0,3.141592653589793,-0.055529747158288956,4.406351089477539,-3.1415927410125732,0.0
623,heading_step_return_0.15_t0,62.300000000000004,0.0,3.141592653589793,-0.05550223961472511,4.405411720275879,-3.1415927410125732,0.0
624,heading_step_return_0.15_t0,62.400000000000006,0.0,3.141592653589793,-0.05552511289715767,4.403961658477783,-3.1415927410125732,0.0
625,heading_step_return_0.15_t0,62.5,0.0,3.141592653589793,-0.05553310364484787,4.402789115905762,-3.1415927410125732,0.0
626,heading_step_return_0.15_t0,62.6,0.0,3.141592653589793,-0.05553637444972992,4.402307033538818,-3.1415927410125732,0.0
627,heading_step_return_0.15_t0,62.7,0.0,3.141592653589793,-0.05554240569472313,4.401484489440918,-3.1415927410125732,0.0
628,heading_step_return_0.15_t0,62.800000000000004,0.0,3.141592653589793,-0.055545199662446976,4.401119232177734,-3.1415927410125732,0.0
629,heading_step_return_0.15_t0,62.900000000000006,0.0,3.141592653589793,-0.05555134266614914,4.400420188903809,-3.1415927410125732,0.0
630,heading_step_return_0.15_t0,63.0,0.0,3.141592653589793,-0.05555324628949165,4.400116443634033,-3.1415927410125732,0.0
631,heading_step_return_0.15_t0,63.1,0.0,3.141592653589793,-0.05555885657668114,4.399570941925049,-3.1415927410125732,0.0
632,heading_step_return_0.15_t0,63.2,0.0,3.141592653589793,-0.05556200072169304,4.399319171905518,-3.1415927410125732,0.0
633,heading_step_return_0.15_t0,63.300000000000004,0.0,3.141592653589793,-0.05556625872850418,4.398828506469727,-3.1415927410125732,0.0
634,heading_step_return_0.15_t0,63.400000000000006,0.0,3.141592653589793,-0.05556998774409294,4.398390769958496,-3.1415927410125732,0.0
635,heading_step_return_0.15_t0,63.5,0.0,3.141592653589793,-0.05557188019156456,4.398191928863525,-3.1415927410125732,0.0
636,heading_step_return_0.15_t0,63.6,0.0,3.141592653589793,-0.05557610094547272,4.397811412811279,-3.1415927410125732,0.0
637,heading_step_return_0.15_t0,63.7,0.0,3.141592653589793,-0.05557741969823837,4.397634983062744,-3.1415927410125732,0.0
638,heading_step_return_0.15_t0,63.800000000000004,0.0,3.141592653589793,-0.05558203160762787,4.39713716506958,-3.1415927410125732,0.0
639,heading_step_return_0.15_t0,63.900000000000006,0.0,3.141592653589793,-0.055583033710718155,4.396984100341797,-3.1415927410125732,0.0
640,heading_step_return_0.15_t0,64.0,0.0,3.141592653589793,-0.05558617413043976,4.396687030792236,-3.1415927410125732,0.0
641,heading_step_return_0.15_t0,64.10000000000001,0.0,3.141592653589793,-0.05558702349662781,4.396535396575928,-3.1415927410125732,0.0
642,heading_step_return_0.15_t0,64.2,0.0,3.141592653589793,-0.05559006705880165,4.396261692047119,-3.1415927410125732,0.0
643,heading_step_return_0.15_t0,64.3,0.0,3.141592653589793,-0.05559225007891655,4.396010875701904,-3.1415927410125732,0.0
644,heading_step_return_0.15_t0,64.4,0.0,3.141592653589793,-0.055593784898519516,4.395883083343506,-3.1415927410125732,0.0
645,heading_step_return_0.15_t0,64.5,0.0,3.141592653589793,-0.05559835955500603,4.395635604858398,-3.1415927410125732,0.0
646,heading_step_return_0.15_t0,64.60000000000001,0.0,3.141592653589793,-0.055600475519895554,4.395521640777588,-3.1415927410125732,0.0
647,heading_step_return_0.15_t0,64.7,0.0,3.141592653589793,-0.05560462549328804,4.395303249359131,-3.1415927410125732,0.0
648,speed_hold_return_0.15_t0,64.8,0.15,3.141592653589793,-0.0556066669523716,4.395200252532959,-3.1415927410125732,0.15000000596046448
649,speed_hold_return_0.15_t0,64.9,0.15,3.141592653589793,-0.05550248175859451,4.3846116065979,-3.1415927410125732,0.15000000596046448
650,speed_hold_return_0.15_t0,65.0,0.15,3.141592653589793,-0.05470231547951698,4.353367805480957,-3.1415927410125732,0.15000000596046448
651,speed_hold_return_0.15_t0,65.10000000000001,0.15,3.141592653589793,-0.057735852897167206,4.253729820251465,-3.1415927410125732,0.15000000596046448
652,speed_hold_return_0.15_t0,65.2,0.15,3.141592653589793,-0.05590847134590149,4.05858039855957,-3.1415927410125732,0.15000000596046448
653,speed_hold_return_0.15_t0,65.3,0.15,3.141592653589793,-0.05298265442252159,3.912715196609497,-3.1415927410125732,0.15000000596046448
654,speed_hold_return_0.15_t0,65.4,0.15,3.141592653589793,-0.04466472566127777,3.364532709121704,-3.1415927410125732,0.15000000596046448
655,speed_hold_return_0.15_t0,65.5,0.15,3.141592653589793,-0.039942990988492966,3.149381637573242,-3.1415927410125732,0.15000000596046448
656,speed_hold_return_0.15_t0,65.60000000000001,0.15,3.141592653589793,-0.030670300126075745,2.6681041717529297,-3.1415927410125732,0.15000000596046448
657,speed_hold_return_0.15_t0,65.7,0.15,3.141592653589793,-0.018823575228452682,2.1781136989593506,-3.1415927410125732,0.15000000596046448
658,speed_hold_return_0.15_t0,65.8,0.15,3.141592653589793,-0.01449305284768343,1.9399197101593018,-3.1415927410125732,0.15000000596046448
659,speed_hold_return_0.15_t0,65.9,0.15,3.141592653589793,-0.007262643426656723,1.4701544046401978,-3.1415927410125732,0.15000000596046448
660,speed_zero_return_0.15_t0,66.0,0.0,3.141592653589793,0.0013621438993141055,0.9674976468086243,-3.1415927410125732,0.0
661,speed_zero_return_0.15_t0,66.10000000000001,0.0,3.141592653589793,0.00904498528689146,0.5470207929611206,-3.1415927410125732,0.0
662,speed_zero_return_0.15_t0,66.2,0.0,3.141592653589793,0.01553927082568407,0.379654198884964,-3.1415927410125732,0.0
663,speed_zero_return_0.15_t0,66.3,0.0,3.141592653589793,0.02700042724609375,0.06532830744981766,-3.1415927410125732,0.0
664,speed_zero_return_0.15_t0,66.4,0.0,3.141592653589793,0.02975800260901451,-0.03801151365041733,-3.1415927410125732,0.0
665,speed_zero_return_0.15_t0,66.5,0.0,3.141592653589793,0.03365398943424225,-0.16816109418869019,-3.1415927410125732,0.0
666,speed_zero_return_0.15_t0,66.60000000000001,0.0,3.141592653589793,0.03507419675588608,-0.23417802155017853,-3.1415927410125732,0.0
667,speed_zero_return_0.15_t0,66.7,0.0,3.141592653589793,0.034953221678733826,-0.24712657928466797,-3.1415927410125732,0.0
668,speed_zero_return_0.15_t0,66.8,0.0,3.141592653589793,0.03509172424674034,-0.2521354854106903,-3.1415927410125732,0.0
669,speed_zero_return_0.15_t0,66.9,0.0,3.141592653589793,0.03523581475019455,-0.2575528621673584,-3.1415927410125732,0.0
670,speed_zero_return_0.15_t0,67.0,0.0,3.141592653589793,0.03530363738536835,-0.2615736722946167,-3.1415927410125732,0.0
671,speed_zero_return_0.15_t0,67.10000000000001,0.0,3.141592653589793,0.035335972905159,-0.2563402056694031,-3.1415927410125732,0.0
672,speed_zero_return_0.15_t0,67.2,0.0,3.141592653589793,0.03533485531806946,-0.26055899262428284,-3.1415927410125732,0.0
673,speed_zero_return_0.15_t0,67.3,0.0,3.141592653589793,0.03530668839812279,-0.2621971070766449,-3.1415927410125732,0.0
674,speed_zero_return_0.15_t0,67.4,0.0,3.141592653589793,0.03533273562788963,-0.25851696729660034,-3.1415927410125732,0.0
675,speed_zero_return_0.15_t0,67.5,0.0,3.141592653589793,0.03537190705537796,-0.26146432757377625,-3.1415927410125732,0.0
676,speed_zero_return_0.15_t0,67.60000000000001,0.0,3.141592653589793,0.03527458757162094,-0.2635127604007721,-3.1415927410125732,0.0
677,speed_zero_return_0.15_t0,67.7,0.0,3.141592653589793,0.035356055945158005,-0.2595500648021698,-3.1415927410125732,0.0
678,speed_zero_return_0.15_t0,67.8,0.0,3.141592653589793,0.035305771976709366,-0.2621656656265259,-3.1415927410125732,0.0
679,speed_zero_return_0.15_t0,67.9,0.0,3.141592653589793,0.03513813391327858,-0.2631024718284607,-3.1415927410125732,0.0
680,speed_zero_return_0.15_t0,68.0,0.0,3.141592653589793,0.03512408584356308,-0.26072806119918823,-3.1415927410125732,0.0
681,speed_zero_return_0.15_t0,68.10000000000001,0.0,3.141592653589793,0.03516709804534912,-0.2618294358253479,-3.1415927410125732,0.0
682,speed_zero_return_0.15_t0,68.2,0.0,3.141592653589793,0.03493141010403633,-0.2631084620952606,-3.1415927410125732,0.0
683,speed_zero_return_0.15_t0,68.3,0.0,3.141592653589793,0.034881193190813065,-0.2620171010494232,-3.1415927410125732,0.0
684,speed_zero_return_0.15_t0,68.4,0.0,3.141592653589793,0.03495575487613678,-0.2620478570461273,-3.1415927410125732,0.0
685,speed_zero_return_0.15_t0,68.5,0.0,3.141592653589793,0.03482476621866226,-0.2634868323802948,-3.1415927410125732,0.0
686,speed_zero_return_0.15_t0,68.60000000000001,0.0,3.141592653589793,0.03478844091296196,-0.2631239593029022,-3.1415927410125732,0.0
687,speed_zero_return_0.15_t0,68.7,0.0,3.141592653589793,0.03481431305408478,-0.26173362135887146,-3.1415927410125732,0.0
688,speed_zero_return_0.15_t0,68.8,0.0,3.141592653589793,0.03484988957643509,-0.26332592964172363,-3.1415927410125732,0.0
689,speed_zero_return_0.15_t0,68.9,0.0,3.141592653589793,0.03477446734905243,-0.2631262540817261,-3.1415927410125732,0.0
690,heading_step_reset_0.15_t0,69.0,0.0,0.0,0.03501145541667938,-0.26223912835121155,0.0,0.0
691,heading_step_reset_0.15_t0,69.10000000000001,0.0,0.0,0.034968480467796326,-0.26493921875953674,0.0,0.0
692,heading_step_reset_0.15_t0,69.2,0.0,0.0,0.03581751883029938,-0.25827449560165405,0.0,0.0
693,heading_step_reset_0.15_t0,69.3,0.0,0.0,0.03511274233460426,-0.2575379014015198,0.0,0.0
694,heading_step_reset_0.15_t0,69.4,0.0,0.0,0.03498990461230278,-0.2622694969177246,0.0,0.0
695,heading_step_reset_0.15_t0,69.5,0.0,0.0,0.03506148234009743,-0.26179617643356323,0.0,0.0
696,heading_step_reset_0.15_t0,69.60000000000001,0.0,0.0,0.034591659903526306,-0.2587110996246338,0.0,0.0
697,heading_step_reset_0.15_t0,69.7,0.0,0.0,0.03492561727762222,-0.26128682494163513,0.0,0.0
698,heading_step_reset_0.15_t0,69.8,0.0,0.0,0.034935176372528076,-0.26172709465026855,0.0,0.0
699,heading_step_reset_0.15_t0,69.9,0.0,0.0,0.03470108285546303,-0.2590884566307068,0.0,0.0
700,heading_step_reset_0.15_t0,70.0,0.0,0.0,0.035013068467378616,-0.2587743103504181,0.0,0.0
701,heading_step_reset_0.15_t0,70.10000000000001,0.0,0.0,0.03521294891834259,-0.26197493076324463,0.0,0.0
702,heading_step_reset_0.15_t0,70.2,0.0,0.0,0.035180557519197464,-0.2606481611728668,0.0,0.0
703,heading_step_reset_0.15_t0,70.3,0.0,0.0,0.03551888093352318,-0.25783771276474,0.0,0.0
704,heading_step_reset_0.15_t0,70.4,0.0,0.0,0.035484373569488525,-0.2610509991645813,0.0,0.0
705,heading_step_reset_0.15_t0,70.5,0.0,0.0,0.03548778221011162,-0.2607981860637665,0.0,0.0
706,heading_step_reset_0.15_t0,70.60000000000001,0.0,0.0,0.03538504242897034,-0.2580433189868927,0.0,0.0
707,heading_step_reset_0.15_t0,70.7,0.0,0.0,0.03529716655611992,-0.2607886493206024,0.0,0.0
708,heading_step_reset_0.15_t0,70.8,0.0,0.0,0.03539709746837616,-0.25926122069358826,0.0,0.0
709,heading_step_reset_0.15_t0,70.9,0.0,0.0,0.03513540327548981,-0.2592654526233673,0.0,0.0
710,heading_step_reset_0.15_t0,71.0,0.0,0.0,0.035206615924835205,-0.26057329773902893,0.0,0.0
711,heading_step_reset_0.15_t0,71.10000000000001,0.0,0.0,0.03526030480861664,-0.2604353725910187,0.0,0.0
712,heading_step_reset_0.15_t0,71.2,0.0,0.0,0.035131629556417465,-0.2597702145576477,0.0,0.0
713,heading_step_reset_0.15_t0,71.3,0.0,0.0,0.03528047725558281,-0.259888231754303,0.0,0.0
714,heading_step_reset_0.15_t0,71.4,0.0,0.0,0.03524257242679596,-0.26211175322532654,0.0,0.0
715,heading_step_reset_0.15_t0,71.5,0.0,0.0,0.035238493233919144,-0.26224780082702637,0.0,0.0
716,heading_step_reset_0.15_t0,71.60000000000001,0.0,0.0,0.035272687673568726,-0.2612766921520233,0.0,0.0
717,heading_step_reset_0.15_t0,71.7,0.0,0.0,0.035215020179748535,-0.25998201966285706,0.0,0.0
718,heading_step_reset_0.15_t0,71.8,0.0,0.0,0.03525385633111,-0.2604350745677948,0.0,0.0
719,heading_step_reset_0.15_t0,71.9,0.0,0.0,0.03526861220598221,-0.26023781299591064,0.0,0.0
720,heading_reset,72.0,0.0,0.0,0.03524249419569969,-0.26020824909210205,0.0,0.0
721,heading_reset,72.10000000000001,0.0,0.0,0.035238709300756454,-0.26042640209198,0.0,0.0
722,heading_reset,72.2,0.0,0.0,0.035262204706668854,-0.26046186685562134,0.0,0.0
723,heading_reset,72.3,0.0,0.0,0.035246849060058594,-0.26032814383506775,0.0,0.0
724,heading_reset,72.4,0.0,0.0,0.035264741629362106,-0.26045316457748413,0.0,0.0
725,heading_reset,72.5,0.0,0.0,0.03525426238775253,-0.2602204978466034,0.0,0.0
726,heading_reset,72.60000000000001,0.0,0.0,0.035261765122413635,-0.2603611648082733,0.0,0.0
727,heading_reset,72.7,0.0,0.0,0.03526400402188301,-0.2603130638599396,0.0,0.0
728,heading_reset,72.8,0.0,0.0,0.03526380658149719,-0.26029300689697266,0.0,0.0
729,heading_reset,72.9,0.0,0.0,0.03526437282562256,-0.26030847430229187,0.0,0.0
730,heading_step_30,73.0,0.0,0.5235987755982988,0.03526414558291435,-0.26026198267936707,0.5235987901687622,0.0
731,heading_step_30,73.10000000000001,0.0,0.5235987755982988,0.034708864986896515,-0.26315557956695557,0.5235987901687622,0.0
732,heading_step_30,73.2,0.0,0.5235987755982988,0.03547120466828346,-0.2612209916114807,0.5235987901687622,0.0
733,heading_step_30,73.3,0.0,0.5235987755982988,0.03657796233892441,-0.25840428471565247,0.5235987901687622,0.0
734,heading_step_30,73.4,0.0,0.5235987755982988,0.035493988543748856,-0.26096150279045105,0.5235987901687622,0.0
735,heading_step_30,73.5,0.0,0.5235987755982988,0.036445945501327515,-0.2587738335132599,0.5235987901687622,0.0
736,heading_step_30,73.60000000000001,0.0,0.5235987755982988,0.03713823854923248,-0.2567707896232605,0.5235987901687622,0.0
737,heading_step_30,73.7,0.0,0.5235987755982988,0.036361295729875565,-0.25862210988998413,0.5235987901687622,0.0
738,heading_step_30,73.8,0.0,0.5235987755982988,0.036565084010362625,-0.25818419456481934,0.5235987901687622,0.0
739,heading_step_30,73.9,0.0,0.5235987755982988,0.037330370396375656,-0.2563070058822632,0.5235987901687622,0.0
740,heading_step_30,74.0,0.0,0.5235987755982988,0.03690432384610176,-0.2573452889919281,0.5235987901687622,0.0
741,heading_step_30,74.10000000000001,0.0,0.5235987755982988,0.036346808075904846,-0.25873610377311707,0.5235987901687622,0.0
742,heading_step_30,74.2,0.0,0.5235987755982988,0.0378035306930542,-0.2552978992462158,0.5235987901687622,0.0
743,heading_step_30,74.3,0.0,0.5235987755982988,0.03773142024874687,-0.2552429139614105,0.5235987901687622,0.0
744,heading_step_30,74.4,0.0,0.5235987755982988,0.03655654564499855,-0.25813058018684387,0.5235987901687622,0.0
745,heading_step_30,74.5,0.0,0.5235987755982988,0.03761613741517067,-0.2555733323097229,0.5235987901687622,0.0
746,heading_step_30,74.60000000000001,0.0,0.5235987755982988,0.03800240904092789,-0.2547053098678589,0.5235987901687622,0.0
747,heading_step_30,74.7,0.0,0.5235987755982988,0.036870211362838745,-0.25741079449653625,0.5235987901687622,0.0
748,heading_step_30,74.8,0.0,0.5235987755982988,0.03698745369911194,-0.2571695148944855,0.5235987901687622,0.0
749,heading_step_30,74.9,0.0,0.5235987755982988,0.03811722248792648,-0.254582941532135,0.5235987901687622,0.0
750,heading_step_30,75.0,0.0,0.5235987755982988,0.03778296336531639,-0.2554250657558441,0.5235987901687622,0.0
751,heading_step_30,75.10000000000001,0.0,0.5235987755982988,0.037241678684949875,-0.25667357444763184,0.5235987901687622,0.0
752,heading_step_30,75.2,0.0,0.5235987755982988,0.0378587506711483,-0.2552974820137024,0.5235987901687622,0.0
753,heading_step_30,75.3,0.0,0.5235987755982988,0.03782004117965698,-0.25542065501213074,0.5235987901687622,0.0
754,heading_step_30,75.4,0.0,0.5235987755982988,0.037520408630371094,-0.256107896566391,0.5235987901687622,0.0
755,heading_step_30,75.5,0.0,0.5235987755982988,0.037992507219314575,-0.2550121545791626,0.5235987901687622,0.0
756,heading_step_30,75.60000000000001,0.0,0.5235987755982988,0.03776047006249428,-0.2555968761444092,0.5235987901687622,0.0
757,heading_step_30,75.7,0.0,0.5235987755982988,0.037604063749313354,-0.25597789883613586,0.5235987901687622,0.0
758,heading_step_30,75.8,0.0,0.5235987755982988,0.03815523907542229,-0.2546924948692322,0.5235987901687622,0.0
759,heading_step_30,75.9,0.0,0.5235987755982988,0.03778583183884621,-0.2556040287017822,0.5235987901687622,0.0
760,heading_reset,76.0,0.0,0.0,0.03786635771393776,-0.25540339946746826,0.0,0.0
761,heading_reset,76.10000000000001,0.0,0.0,0.03814486041665077,-0.2544853985309601,0.0,0.0
762,heading_reset,76.2,0.0,0.0,0.037932250648736954,-0.25581592321395874,0.0,0.0
763,heading_reset,76.3,0.0,0.0,0.03802062198519707,-0.25511378049850464,0.0,0.0
764,heading_reset,76.4,0.0,0.0,0.03817588463425636,-0.25396090745925903,0.0,0.0
765,heading_reset,76.5,0.0,0.0,0.03816812485456467,-0.253988116979599,0.0,0.0
766,heading_reset,76.60000000000001,0.0,0.0,0.03817353397607803,-0.2537488043308258,0.0,0.0
767,heading_reset,76.7,0.0,0.0,0.03820481151342392,-0.2536456882953644,0.0,0.0
768,heading_reset,76.80000000000001,0.0,0.0,0.038180168718099594,-0.25376996397972107,0.0,0.0
769,heading_reset,76.9,0.0,0.0,0.03818726912140846,-0.2536788284778595,0.0,0.0
770,heading_step_90,77.0,0.0,1.5707963267948966,0.03819234296679497,-0.2536121606826782,1.5707963705062866,0.0
771,heading_step_90,77.10000000000001,0.0,1.5707963267948966,0.03511771559715271,-0.2546720802783966,1.5707963705062866,0.0
772,heading_step_90,77.2,0.0,1.5707963267948966,0.037651561200618744,-0.254471093416214,1.5707963705062866,0.0
773,heading_step_90,77.30000000000001,0.0,1.5707963267948966,0.03076442889869213,-0.25519606471061707,1.5707963705062866,0.0
774,heading_step_90,77.4,0.0,1.5707963267948966,0.03305638208985329,-0.2551063299179077,1.5707963705062866,0.0
775,heading_step_90,77.5,0.0,1.5707963267948966,0.03361629322171211,-0.2553328573703766,1.5707963705062866,0.0
776,heading_step_90,77.60000000000001,0.0,1.5707963267948966,0.035310108214616776,-0.2552340030670166,1.5707963705062866,0.0
777,heading_step_90,77.7,0.0,1.5707963267948966,0.03679940104484558,-0.2550167739391327,1.5707963705062866,0.0
778,heading_step_90,77.80000000000001,0.0,1.5707963267948966,0.03241874277591705,-0.25519320368766785,1.5707963705062866,0.0
779,heading_step_90,77.9,0.0,1.5707963267948966,0.03631514683365822,-0.2549477517604828,1.5707963705062866,0.0
780,heading_step_90,78.0,0.0,1.5707963267948966,0.03289720416069031,-0.2550920844078064,1.5707963705062866,0.0
781,heading_step_90,78.10000000000001,0.0,1.5707963267948966,0.03684268891811371,-0.2548983693122864,1.5707963705062866,0.0
782,heading_step_90,78.2,0.0,1.5707963267948966,0.03409571200609207,-0.2550709843635559,1.5707963705062866,0.0
783,heading_step_90,78.30000000000001,0.0,1.5707963267948966,0.036890167742967606,-0.25488221645355225,1.5707963705062866,0.0
784,heading_step_90,78.4,0.0,1.5707963267948966,0.03567204624414444,-0.2550048530101776,1.5707963705062866,0.0
785,heading_step_90,78.5,0.0,1.5707963267948966,0.03542014956474304,-0.2550387680530548,1.5707963705062866,0.0
786,heading_step_90,78.60000000000001,0.0,1.5707963267948966,0.036504607647657394,-0.25495943427085876,1.5707963705062866,0.0
787,heading_step_90,78.7,0.0,1.5707963267948966,0.03548669442534447,-0.25503864884376526,1.5707963705062866,0.0
788,heading_step_90,78.80000000000001,0.0,1.5707963267948966,0.03711273521184921,-0.2549186944961548,1.5707963705062866,0.0
789,heading_step_90,78.9,0.0,1.5707963267948966,0.03512422367930412,-0.25502675771713257,1.5707963705062866,0.0
790,heading_step_90,79.0,0.0,1.5707963267948966,0.036705274134874344,-0.25495070219039917,1.5707963705062866,0.0
791,heading_step_90,79.10000000000001,0.0,1.5707963267948966,0.03648853302001953,-0.2549867331981659,1.5707963705062866,0.0
792,heading_step_90,79.2,0.0,1.5707963267948966,0.03553728759288788,-0.25501999258995056,1.5707963705062866,0.0
793,heading_step_90,79.30000000000001,0.0,1.5707963267948966,0.03705618530511856,-0.25494498014450073,1.5707963705062866,0.0
794,heading_step_90,79.4,0.0,1.5707963267948966,0.03628235682845116,-0.2549920082092285,1.5707963705062866,0.0
795,heading_step_90,79.5,0.0,1.5707963267948966,0.03615543991327286,-0.25498276948928833,1.5707963705062866,0.0
796,heading_step_90,79.60000000000001,0.0,1.5707963267948966,0.03690863028168678,-0.2549809515476227,1.5707963705062866,0.0
797,heading_step_90,79.7,0.0,1.5707963267948966,0.036016494035720825,-0.25501829385757446,1.5707963705062866,0.0
798,heading_step_90,79.80000000000001,0.0,1.5707963267948966,0.036032676696777344,-0.2550041377544403,1.5707963705062866,0.0
799,heading_step_90,79.9,0.0,1.5707963267948966,0.03604822978377342,-0.2550198435783386,1.5707963705062866,0.0
800,heading_reset,80.0,0.0,0.0,0.036283932626247406,-0.2549988329410553,0.0,0.0
801,heading_reset,80.10000000000001,0.0,0.0,0.03648386895656586,-0.25456658005714417,0.0,0.0
802,heading_reset,80.2,0.0,0.0,0.03707237169146538,-0.2510499656200409,0.0,0.0
803,heading_reset,80.30000000000001,0.0,0.0,0.036781009286642075,-0.2542341649532318,0.0,0.0
804,heading_reset,80.4,0.0,0.0,0.03666957467794418,-0.25529059767723083,0.0,0.0
805,heading_reset,80.5,0.0,0.0,0.03690522164106369,-0.2531925141811371,0.0,0.0
806,heading_reset,80.60000000000001,0.0,0.0,0.036833904683589935,-0.25382837653160095,0.0,0.0
807,heading_reset,80.7,0.0,0.0,0.03665881231427193,-0.2554105818271637,0.0,0.0
808,heading_reset,80.80000000000001,0.0,0.0,0.03676668554544449,-0.25436052680015564,0.0,0.0
809,heading_reset,80.9,0.0,0.0,0.03664635494351387,-0.25557395815849304,0.0,0.0
810,heading_step_150,81.0,0.0,2.6179938779914944,0.036689989268779755,-0.2551490068435669,2.6005406379699707,0.0
811,heading_step_150,81.10000000000001,0.0,2.6179938779914944,0.039109960198402405,-0.2556084096431732,2.6005406379699707,0.0
812,heading_step_150,81.2,0.0,2.6179938779914944,0.04193985089659691,-0.2599848806858063,2.6005406379699707,0.0
813,heading_step_150,81.30000000000001,0.0,2.6179938779914944,0.0411573089659214,-0.25881683826446533,2.6005406379699707,0.0
814,heading_step_150,81.4,0.0,2.6179938779914944,0.03921433165669441,-0.2559541165828705,2.6005406379699707,0.0
815,heading_step_150,81.5,0.0,2.6179938779914944,0.041140709072351456,-0.2587350308895111,2.6005406379699707,0.0
816,heading_step_150,81.60000000000001,0.0,2.6179938779914944,0.04168492183089256,-0.2596075236797333,2.6005406379699707,0.0
817,heading_step_150,81.7,0.0,2.6179938779914944,0.04017503559589386,-0.25730985403060913,2.6005406379699707,0.0
818,heading_step_150,81.80000000000001,0.0,2.6179938779914944,0.04139348864555359,-0.2590458393096924,2.6005406379699707,0.0
819,heading_step_150,81.9,0.0,2.6179938779914944,0.04188896343111992,-0.2598506808280945,2.6005406379699707,0.0
820,heading_step_150,82.0,0.0,2.6179938779914944,0.04057573154568672,-0.25788652896881104,2.6005406379699707,0.0
821,heading_step_150,82.10000000000001,0.0,2.6179938779914944,0.041808269917964935,-0.2596583962440491,2.6005406379699707,0.0
822,heading_step_150,82.2,0.0,2.6179938779914944,0.041907161474227905,-0.2600352466106415,2.6005406379699707,0.0
823,heading_step_150,82.30000000000001,0.0,2.6179938779914944,0.04140329733490944,-0.25906193256378174,2.6005406379699707,0.0
824,heading_step_150,82.4,0.0,2.6179938779914944,0.04172760620713234,-0.25955888628959656,2.6005406379699707,0.0
825,heading_step_150,82.5,0.0,2.6179938779914944,0.041549745947122574,-0.25957414507865906,2.6005406379699707,0.0
826,heading_step_150,82.60000000000001,0.0,2.6179938779914944,0.041164569556713104,-0.2587885558605194,2.6005406379699707,0.0
827,heading_step_150,82.7,0.0,2.6179938779914944,0.04094575345516205,-0.25855615735054016,2.6005406379699707,0.0
828,heading_step_150,82.80000000000001,0.0,2.6179938779914944,0.04159347712993622,-0.2594349980354309,2.6005406379699707,0.0
829,heading_step_150,82.9,0.0,2.6179938779914944,0.04125875607132912,-0.2590356171131134,2.6005406379699707,0.0
830,heading_step_150,83.0,0.0,2.6179938779914944,0.04103347286581993,-0.25874194502830505,2.6005406379699707,0.0
831,heading_step_150,83.10000000000001,0.0,2.6179938779914944,0.041057273745536804,-0.2588023245334625,2.6005406379699707,0.0
832,heading_step_150,83.2,0.0,2.6179938779914944,0.04059607908129692,-0.25809594988822937,2.6005406379699707,0.0
833,heading_step_150,83.30000000000001,0.0,2.6179938779914944,0.04083190858364105,-0.2584497332572937,2.6005406379699707,0.0
834,heading_step_150,83.4,0.0,2.6179938779914944,0.04068991541862488,-0.25824251770973206,2.6005406379699707,0.0
835,heading_step_150,83.5,0.0,2.6179938779914944,0.040519699454307556,-0.25796663761138916,2.6005406379699707,0.0
836,heading_step_150,83.60000000000001,0.0,2.6179938779914944,0.04043234884738922,-0.25784122943878174,2.6005406379699707,0.0
837,heading_step_150,83.7,0.0,2.6179938779914944,0.040408656001091,-0.25779300928115845,2.6005406379699707,0.0
838,heading_step_150,83.80000000000001,0.0,2.6179938779914944,0.040397606790065765,-0.25778481364250183,2.6005406379699707,0.0
839,heading_step_150,83.9,0.0,2.6179938779914944,0.040370188653469086,-0.25774243474006653,2.6005406379699707,0.0
840,heading_reset,84.0,0.0,0.0,0.0403798371553421,-0.25775381922721863,0.0,0.0
841,heading_reset,84.10000000000001,0.0,0.0,0.04383431375026703,-0.252531498670578,0.0,0.0
842,heading_reset,84.2,0.0,0.0,0.043501388281583786,-0.2534175217151642,0.0,0.0
843,heading_reset,84.30000000000001,0.0,0.0,0.04340653866529465,-0.2545241415500641,0.0,0.0
844,heading_reset,84.4,0.0,0.0,0.04351383075118065,-0.2529933452606201,0.0,0.0
845,heading_reset,84.5,0.0,0.0,0.04342382773756981,-0.2527175545692444,0.0,0.0
846,heading_reset,84.60000000000001,0.0,0.0,0.04341404512524605,-0.2535616159439087,0.0,0.0
847,heading_reset,84.7,0.0,0.0,0.04344727471470833,-0.2531241774559021,0.0,0.0
848,heading_reset,84.80000000000001,0.0,0.0,0.04341284930706024,-0.25262516736984253,0.0,0.0
849,heading_reset,84.9,0.0,0.0,0.04345035180449486,-0.25302496552467346,0.0,0.0
850,heading_step_-30,85.0,0.0,-0.5235987755982988,0.04343334212899208,-0.25262966752052307,-0.5410520434379578,0.0
851,heading_step_-30,85.10000000000001,0.0,-0.5235987755982988,0.04188665375113487,-0.24890832602977753,-0.5410520434379578,0.0
852,heading_step_-30,85.2,0.0,-0.5235987755982988,0.0433775894343853,-0.25192418694496155,-0.5410520434379578,0.0
853,heading_step_-30,85.30000000000001,0.0,-0.5235987755982988,0.042664818465709686,-0.2506846487522125,-0.5410520434379578,0.0
854,heading_step_-30,85.4,0.0,-0.5235987755982988,0.04202175512909889,-0.2494870126247406,-0.5410520434379578,0.0
855,heading_step_-30,85.5,0.0,-0.5235987755982988,0.04371697083115578,-0.25260359048843384,-0.5410520434379578,0.0
856,heading_step_-30,85.60000000000001,0.0,-0.5235987755982988,0.042171578854322433,-0.24980679154396057,-0.5410520434379578,0.0
857,heading_step_-30,85.7,0.0,-0.5235987755982988,0.04169609397649765,-0.2488250881433487,-0.5410520434379578,0.0
858,heading_step_-30,85.80000000000001,0.0,-0.5235987755982988,0.043993882834911346,-0.25311601161956787,-0.5410520434379578,0.0
859,heading_step_-30,85.9,0.0,-0.5235987755982988,0.04340334236621857,-0.25206851959228516,-0.5410520434379578,0.0
860,heading_step_-30,86.0,0.0,-0.5235987755982988,0.04207779839634895,-0.24959701299667358,-0.5410520434379578,0.0
861,heading_step_-30,86.10000000000001,0.0,-0.5235987755982988,0.04397933930158615,-0.2529984712600708,-0.5410520434379578,0.0
862,heading_step_-30,86.2,0.0,-0.5235987755982988,0.043322958052158356,-0.25182750821113586,-0.5410520434379578,0.0
863,heading_step_-30,86.30000000000001,0.0,-0.5235987755982988,0.042258914560079575,-0.24990954995155334,-0.5410520434379578,0.0
864,heading_step_-30,86.4,0.0,-0.5235987755982988,0.04312615469098091,-0.2515568137168884,-0.5410520434379578,0.0
865,heading_step_-30,86.5,0.0,-0.5235987755982988,0.04341241717338562,-0.2520782947540283,-0.5410520434379578,0.0
866,heading_step_-30,86.60000000000001,0.0,-0.5235987755982988,0.0426156148314476,-0.25062283873558044,-0.5410520434379578,0.0
867,heading_step_-30,86.7,0.0,-0.5235987755982988,0.042897485196590424,-0.25115153193473816,-0.5410520434379578,0.0
868,heading_step_-30,86.80000000000001,0.0,-0.5235987755982988,0.04360669478774071,-0.2524145245552063,-0.5410520434379578,0.0
869,heading_step_-30,86.9,0.0,-0.5235987755982988,0.04310787841677666,-0.2515133023262024,-0.5410520434379578,0.0
870,heading_step_-30,87.0,0.0,-0.5235987755982988,0.042647674679756165,-0.25068727135658264,-0.5410520434379578,0.0
871,heading_step_-30,87.10000000000001,0.0,-0.5235987755982988,0.04316424950957298,-0.2516246736049652,-0.5410520434379578,0.0
872,heading_step_-30,87.2,0.0,-0.5235987755982988,0.04318998008966446,-0.25167518854141235,-0.5410520434379578,0.0
873,heading_step_-30,87.30000000000001,0.0,-0.5235987755982988,0.042804379016160965,-0.2509792447090149,-0.5410520434379578,0.0
874,heading_step_-30,87.4,0.0,-0.5235987755982988,0.04301184043288231,-0.2513642907142639,-0.5410520434379578,0.0
875,heading_step_-30,87.5,0.0,-0.5235987755982988,0.04304909706115723,-0.2518283724784851,-0.5410520434379578,0.0
876,heading_step_-30,87.60000000000001,0.0,-0.5235987755982988,0.045741915702819824,-0.25652849674224854,-0.5410520434379578,0.0
877,heading_step_-30,87.7,0.0,-0.5235987755982988,0.04538220912218094,-0.2567257583141327,-0.5410520434379578,0.0
878,heading_step_-30,87.80000000000001,0.0,-0.5235987755982988,0.04725506156682968,-0.2613411843776703,-0.5410520434379578,0.0
879,heading_step_-30,87.9,0.0,-0.5235987755982988,0.051528140902519226,-0.2676299214363098,-0.5410520434379578,0.0
880,heading_reset,88.0,0.0,0.0,0.052580803632736206,-0.26930275559425354,0.0,0.0
881,heading_reset,88.10000000000001,0.0,0.0,0.05466409772634506,-0.2767851650714874,0.0,0.0
882,heading_reset,88.2,0.0,0.0,0.05644196644425392,-0.2791278064250946,0.0,0.0
883,heading_reset,88.30000000000001,0.0,0.0,0.05578124523162842,-0.2770134210586548,0.0,0.0
884,heading_reset,88.4,0.0,0.0,0.05618457496166229,-0.28211089968681335,0.0,0.0
885,heading_reset,88.5,0.0,0.0,0.05688047036528587,-0.2897246778011322,0.0,0.0
886,heading_reset,88.60000000000001,0.0,0.0,0.05734306201338768,-0.2956816554069519,0.0,0.0
887,heading_reset,88.7,0.0,0.0,0.058955393731594086,-0.3055960237979889,0.0,0.0
888,heading_reset,88.80000000000001,0.0,0.0,0.06147133931517601,-0.31279614567756653,0.0,0.0
889,heading_reset,88.9,0.0,0.0,0.06263598054647446,-0.323770135641098,0.0,0.0
890,heading_step_-90,89.0,0.0,-1.5707963267948966,0.06127068027853966,-0.3239968419075012,-1.5882495641708374,0.0
891,heading_step_-90,89.10000000000001,0.0,-1.5707963267948966,0.06506672501564026,-0.33831700682640076,-1.5882495641708374,0.0
892,heading_step_-90,89.2,0.0,-1.5707963267948966,0.06587229669094086,-0.3382917046546936,-1.5882495641708374,0.0
893,heading_step_-90,89.30000000000001,0.0,-1.5707963267948966,0.064197838306427,-0.3387621343135834,-1.5882495641708374,0.0
894,heading_step_-90,89.4,0.0,-1.5707963267948966,0.06787309795618057,-0.3390061557292938,-1.5882495641708374,0.0
895,heading_step_-90,89.5,0.0,-1.5707963267948966,0.0645955353975296,-0.3387371301651001,-1.5882495641708374,0.0
896,heading_step_-90,89.60000000000001,0.0,-1.5707963267948966,0.06713849306106567,-0.33928313851356506,-1.5882495641708374,0.0
897,heading_step_-90,89.7,0.0,-1.5707963267948966,0.06905243545770645,-0.339445024728775,-1.5882495641708374,0.0
898,heading_step_-90,89.80000000000001,0.0,-1.5707963267948966,0.06383518874645233,-0.33890169858932495,-1.5882495641708374,0.0
899,heading_step_-90,89.9,0.0,-1.5707963267948966,0.06700357794761658,-0.3391750454902649,-1.5882495641708374,0.0
900,heading_step_-90,90.0,0.0,-1.5707963267948966,0.06622199714183807,-0.3392370343208313,-1.5882495641708374,0.0
901,heading_step_-90,90.10000000000001,0.0,-1.5707963267948966,0.0661390945315361,-0.3388828635215759,-1.5882495641708374,0.0
902,heading_step_-90,90.2,0.0,-1.5707963267948966,0.06550749391317368,-0.3388095796108246,-1.5882495641708374,0.0
903,heading_step_-90,90.30000000000001,0.0,-1.5707963267948966,0.06671534478664398,-0.33921346068382263,-1.5882495641708374,0.0
904,heading_step_-90,90.4,0.0,-1.5707963267948966,0.0652935802936554,-0.33908990025520325,-1.5882495641708374,0.0
905,heading_step_-90,90.5,0.0,-1.5707963267948966,0.06535361707210541,-0.33888745307922363,-1.5882495641708374,0.0
906,heading_step_-90,90.60000000000001,0.0,-1.5707963267948966,0.0658065527677536,-0.3390253484249115,-1.5882495641708374,0.0
907,heading_step_-90,90.7,0.0,-1.5707963267948966,0.06577140092849731,-0.33916375041007996,-1.5882495641708374,0.0
908,heading_step_-90,90.80000000000001,0.0,-1.5707963267948966,0.0661766305565834,-0.3390067219734192,-1.5882495641708374,0.0
909,heading_step_-90,90.9,0.0,-1.5707963267948966,0.06534317880868912,-0.33891716599464417,-1.5882495641708374,0.0
910,heading_step_-90,91.0,0.0,-1.5707963267948966,0.06613662838935852,-0.33902251720428467,-1.5882495641708374,0.0
911,heading_step_-90,91.10000000000001,0.0,-1.5707963267948966,0.06632215529680252,-0.33913856744766235,-1.5882495641708374,0.0
912,heading_step_-90,91.2,0.0,-1.5707963267948966,0.06625271588563919,-0.33908140659332275,-1.5882495641708374,0.0
913,heading_step_-90,91.30000000000001,0.0,-1.5707963267948966,0.06569541990756989,-0.3389507532119751,-1.5882495641708374,0.0
914,heading_step_-90,91.4,0.0,-1.5707963267948966,0.06606505066156387,-0.33907321095466614,-1.5882495641708374,0.0
915,heading_step_-90,91.5,0.0,-1.5707963267948966,0.06622467935085297,-0.33909496665000916,-1.5882495641708374,0.0
916,heading_step_-90,91.60000000000001,0.0,-1.5707963267948966,0.0657552033662796,-0.3390275835990906,-1.5882495641708374,0.0
917,heading_step_-90,91.7,0.0,-1.5707963267948966,0.06497541069984436,-0.3389948606491089,-1.5882495641708374,0.0
918,heading_step_-90,91.80000000000001,0.0,-1.5707963267948966,0.06605030596256256,-0.3390011191368103,-1.5882495641708374,0.0
919,heading_step_-90,91.9,0.0,-1.5707963267948966,0.06568775326013565,-0.3390190899372101,-1.5882495641708374,0.0
920,heading_reset,92.0,0.0,0.0,0.06608467549085617,-0.33905816078186035,0.0,0.0
921,heading_reset,92.10000000000001,0.0,0.0,0.07181907445192337,-0.33823126554489136,0.0,0.0
922,heading_reset,92.2,0.0,0.0,0.07173072546720505,-0.3368239998817444,0.0,0.0
923,heading_reset,92.30000000000001,0.0,0.0,0.0719071552157402,-0.34036803245544434,0.0,0.0
924,heading_reset,92.4,0.0,0.0,0.07216711342334747,-0.3436169922351837,0.0,0.0
925,heading_reset,92.5,0.0,0.0,0.07175017148256302,-0.33872655034065247,0.0,0.0
926,heading_reset,92.60000000000001,0.0,0.0,0.07165676355361938,-0.3378928303718567,0.0,0.0
927,heading_reset,92.7,0.0,0.0,0.07215363532304764,-0.34284958243370056,0.0,0.0
928,heading_reset,92.80000000000001,0.0,0.0,0.07199127972126007,-0.34014689922332764,0.0,0.0
929,heading_reset,92.9,0.0,0.0,0.0717988982796669,-0.3380998969078064,0.0,0.0
930,heading_step_-150,93.0,0.0,-2.6179938779914944,0.07197127491235733,-0.341064989566803,-2.6179938316345215,0.0
931,heading_step_-150,93.10000000000001,0.0,-2.6179938779914944,0.07211058586835861,-0.339633584022522,-2.6179938316345215,0.0
932,heading_step_-150,93.2,0.0,-2.6179938779914944,0.06930253654718399,-0.3434533178806305,-2.6179938316345215,0.0
933,heading_step_-150,93.30000000000001,0.0,-2.6179938779914944,0.07057780772447586,-0.34258678555488586,-2.6179938316345215,0.0
934,heading_step_-150,93.4,0.0,-2.6179938779914944,0.07185313105583191,-0.3399343490600586,-2.6179938316345215,0.0
935,heading_step_-150,93.5,0.0,-2.6179938779914944,0.07030884921550751,-0.3425498902797699,-2.6179938316345215,0.0
936,heading_step_-150,93.60000000000001,0.0,-2.6179938779914944,0.0703989788889885,-0.3431095480918884,-2.6179938316345215,0.0
937,heading_step_-150,93.7,0.0,-2.6179938779914944,0.07142754644155502,-0.34099629521369934,-2.6179938316345215,0.0
938,heading_step_-150,93.80000000000001,0.0,-2.6179938779914944,0.07081113755702972,-0.3418318033218384,-2.6179938316345215,0.0
939,heading_step_-150,93.9,0.0,-2.6179938779914944,0.07007596641778946,-0.34376105666160583,-2.6179938316345215,0.0
940,heading_step_-150,94.0,0.0,-2.6179938779914944,0.07088346779346466,-0.34242239594459534,-2.6179938316345215,0.0
941,heading_step_-150,94.10000000000001,0.0,-2.6179938779914944,0.07052914053201675,-0.3426456153392792,-2.6179938316345215,0.0
942,heading_step_-150,94.2,0.0,-2.6179938779914944,0.0699836015701294,-0.3439098298549652,-2.6179938316345215,0.0
943,heading_step_-150,94.30000000000001,0.0,-2.6179938779914944,0.0707193985581398,-0.34277793765068054,-2.6179938316345215,0.0
944,heading_step_-150,94.4,0.0,-2.6179938779914944,0.07064852863550186,-0.3427441716194153,-2.6179938316345215,0.0
945,heading_step_-150,94.5,0.0,-2.6179938779914944,0.07077404856681824,-0.34270450472831726,-2.6179938316345215,0.0
946,heading_step_-150,94.60000000000001,0.0,-2.6179938779914944,0.07105550169944763,-0.34228381514549255,-2.6179938316345215,0.0
947,heading_step_-150,94.7,0.0,-2.6179938779914944,0.07098610699176788,-0.3423209488391876,-2.6179938316345215,0.0
948,heading_step_-150,94.80000000000001,0.0,-2.6179938779914944,0.07088227570056915,-0.3424946665763855,-2.6179938316345215,0.0
949,heading_step_-150,94.9,0.0,-2.6179938779914944,0.07093007117509842,-0.34239307045936584,-2.6179938316345215,0.0
950,heading_step_-150,95.0,0.0,-2.6179938779914944,0.07088202238082886,-0.34249168634414673,-2.6179938316345215,0.0
951,heading_step_-150,95.10000000000001,0.0,-2.6179938779914944,0.07105281949043274,-0.34222403168678284,-2.6179938316345215,0.0
952,heading_step_-150,95.2,0.0,-2.6179938779914944,0.07097886502742767,-0.34235236048698425,-2.6179938316345215,0.0
953,heading_step_-150,95.30000000000001,0.0,-2.6179938779914944,0.0709981769323349,-0.3422977328300476,-2.6179938316345215,0.0
954,heading_step_-150,95.4,0.0,-2.6179938779914944,0.07097329944372177,-0.34234240651130676,-2.6179938316345215,0.0
955,heading_step_-150,95.5,0.0,-2.6179938779914944,0.0709846094250679,-0.3423246145248413,-2.6179938316345215,0.0
956,heading_step_-150,95.60000000000001,0.0,-2.6179938779914944,0.07098677009344101,-0.3423129618167877,-2.6179938316345215,0.0
957,heading_step_-150,95.7,0.0,-2.6179938779914944,0.07096752524375916,-0.3423401713371277,-2.6179938316345215,0.0
958,heading_step_-150,95.80000000000001,0.0,-2.6179938779914944,0.07098784297704697,-0.3423110246658325,-2.6179938316345215,0.0
959,heading_step_-150,95.9,0.0,-2.6179938779914944,0.07098052650690079,-0.34231823682785034,-2.6179938316345215,0.0
960,heading_reset,96.0,0.0,0.0,0.07097814232110977,-0.34231704473495483,0.0,0.0
961,heading_reset,96.10000000000001,0.0,0.0,0.06855886429548264,-0.339061975479126,0.0,0.0
962,heading_reset,96.2,0.0,0.0,0.06963539868593216,-0.34274089336395264,0.0,0.0
963,heading_reset,96.30000000000001,0.0,0.0,0.06960876286029816,-0.3385348916053772,0.0,0.0
964,heading_reset,96.4,0.0,0.0,0.06873252242803574,-0.34733065962791443,0.0,0.0
965,heading_reset,96.5,0.0,0.0,0.06867790967226028,-0.34824544191360474,0.0,0.0
966,heading_reset,96.60000000000001,0.0,0.0,0.06877443939447403,-0.34138771891593933,0.0,0.0
967,heading_reset,96.7,0.0,0.0,0.06796406954526901,-0.3433666229248047,0.0,0.0
968,heading_reset,96.80000000000001,0.0,0.0,0.06777738034725189,-0.3477185368537903,0.0,0.0
969,heading_reset,96.9,0.0,0.0,0.06802826374769211,-0.344716340303421,0.0,0.0
970,heading_step_30,97.0,0.0,0.5235987755982988,0.0672154352068901,-0.3434397876262665,0.5235987901687622,0.0
971,heading_step_30,97.10000000000001,0.0,0.5235987755982988,0.06601021438837051,-0.34967881441116333,0.5235987901687622,0.0
972,heading_step_30,97.2,0.0,0.5235987755982988,0.06760022789239883,-0.3459283709526062,0.5235987901687622,0.0
973,heading_step_30,97.30000000000001,0.0,0.5235987755982988,0.0665503516793251,-0.34602808952331543,0.5235987901687622,0.0
974,heading_step_30,97.4,0.0,0.5235987755982988,0.06586472690105438,-0.34763917326927185,0.5235987901687622,0.0
975,heading_step_30,97.5,0.0,0.5235987755982988,0.06706738471984863,-0.3451772928237915,0.5235987901687622,0.0
976,heading_step_30,97.60000000000001,0.0,0.5235987755982988,0.06687529385089874,-0.3444330096244812,0.5235987901687622,0.0
977,heading_step_30,97.7,0.0,0.5235987755982988,0.06690741330385208,-0.3451782464981079,0.5235987901687622,0.0
978,heading_step_30,97.80000000000001,0.0,0.5235987755982988,0.0666767805814743,-0.3457360863685608,0.5235987901687622,0.0
979,heading_step_30,97.9,0.0,0.5235987755982988,0.06697513908147812,-0.34471771121025085,0.5235987901687622,0.0
980,heading_step_30,98.0,0.0,0.5235987755982988,0.06797964870929718,-0.3441790044307709,0.5235987901687622,0.0
981,heading_step_30,98.10000000000001,0.0,0.5235987755982988,0.06662938743829727,-0.3470520079135895,0.5235987901687622,0.0
982,heading_step_30,98.2,0.0,0.5235987755982988,0.06777466088533401,-0.344745397567749,0.5235987901687622,0.0
983,heading_step_30,98.30000000000001,0.0,0.5235987755982988,0.06913907825946808,-0.3433231711387634,0.5235987901687622,0.0
984,heading_step_30,98.4,0.0,0.5235987755982988,0.06753450632095337,-0.34667012095451355,0.5235987901687622,0.0
985,heading_step_30,98.5,0.0,0.5235987755982988,0.06859946995973587,-0.34454014897346497,0.5235987901687622,0.0
986,heading_step_30,98.60000000000001,0.0,0.5235987755982988,0.06932821869850159,-0.34324973821640015,0.5235987901687622,0.0
987,heading_step_30,98.7,0.0,0.5235987755982988,0.06767810136079788,-0.34675562381744385,0.5235987901687622,0.0
988,heading_step_30,98.80000000000001,0.0,0.5235987755982988,0.06911540776491165,-0.3436770737171173,0.5235987901687622,0.0
989,heading_step_30,98.9,0.0,0.5235987755982988,0.06922991573810577,-0.3427877724170685,0.5235987901687622,0.0
990,heading_step_30,99.0,0.0,0.5235987755982988,0.06823945790529251,-0.344855397939682,0.5235987901687622,0.0
991,heading_step_30,99.10000000000001,0.0,0.5235987755982988,0.06857442855834961,-0.3443935513496399,0.5235987901687622,0.0
992,heading_step_30,99.2,0.0,0.5235987755982988,0.06860849261283875,-0.34365904331207275,0.5235987901687622,0.0
993,heading_step_30,99.30000000000001,0.0,0.5235987755982988,0.06904446333646774,-0.34358301758766174,0.5235987901687622,0.0
994,heading_step_30,99.4,0.0,0.5235987755982988,0.06812382489442825,-0.3454708158969879,0.5235987901687622,0.0
995,heading_step_30,99.5,0.0,0.5235987755982988,0.06933330744504929,-0.34296146035194397,0.5235987901687622,0.0
996,heading_step_30,99.60000000000001,0.0,0.5235987755982988,0.0690481960773468,-0.3433547914028168,0.5235987901687622,0.0
997,heading_step_30,99.7,0.0,0.5235987755982988,0.06880979984998703,-0.34417763352394104,0.5235987901687622,0.0
998,heading_step_30,99.80000000000001,0.0,0.5235987755982988,0.06833671033382416,-0.3450990617275238,0.5235987901687622,0.0
999,heading_step_30,99.9,0.0,0.5235987755982988,0.06892415881156921,-0.34376662969589233,0.5235987901687622,0.0
1000,heading_reset,100.0,0.0,0.0,0.06910659372806549,-0.34342509508132935,0.0,0.0
1001,heading_reset,100.10000000000001,0.0,0.0,0.06918860971927643,-0.34374818205833435,0.0,0.0
1002,heading_reset,100.2,0.0,0.0,0.06907524168491364,-0.34448254108428955,0.0,0.0
1003,heading_reset,100.30000000000001,0.0,0.0,0.06886608153581619,-0.3457709848880768,0.0,0.0
1004,heading_reset,100.4,0.0,0.0,0.06900002807378769,-0.3449099659919739,0.0,0.0
1005,heading_reset,100.5,0.0,0.0,0.0689769759774208,-0.3452810049057007,0.0,0.0
1006,heading_reset,100.60000000000001,0.0,0.0,0.06895295530557632,-0.3451935946941376,0.0,0.0
1007,heading_reset,100.7,0.0,0.0,0.06889652460813522,-0.3459252119064331,0.0,0.0
1008,heading_reset,100.80000000000001,0.0,0.0,0.06886488944292068,-0.3461393117904663,0.0,0.0
1009,heading_reset,100.9,0.0,0.0,0.06900531053543091,-0.34516507387161255,0.0,0.0
1010,heading_step_90,101.0,0.0,1.5707963267948966,0.06902027875185013,-0.34508857131004333,1.5707963705062866,0.0
1011,heading_step_90,101.10000000000001,0.0,1.5707963267948966,0.06834780424833298,-0.3476216793060303,1.5707963705062866,0.0
1012,heading_step_90,101.2,0.0,1.5707963267948966,0.07118541747331619,-0.3474231958389282,1.5707963705062866,0.0
1013,heading_step_90,101.30000000000001,0.0,1.5707963267948966,0.06712381541728973,-0.347988098859787,1.5707963705062866,0.0
1014,heading_step_90,101.4,0.0,1.5707963267948966,0.07041478902101517,-0.3476818799972534,1.5707963705062866,0.0
1015,heading_step_90,101.5,0.0,1.5707963267948966,0.07021439075469971,-0.3478574752807617,1.5707963705062866,0.0
1016,heading_step_90,101.60000000000001,0.0,1.5707963267948966,0.06957848370075226,-0.3479815423488617,1.5707963705062866,0.0
1017,heading_step_90,101.7,0.0,1.5707963267948966,0.07097945362329483,-0.3477412164211273,1.5707963705062866,0.0
1018,heading_step_90,101.80000000000001,0.0,1.5707963267948966,0.06816108524799347,-0.34804368019104004,1.5707963705062866,0.0
1019,heading_step_90,101.9,0.0,1.5707963267948966,0.06919165700674057,-0.3479328155517578,1.5707963705062866,0.0
1020,heading_step_90,102.0,0.0,1.5707963267948966,0.07065794616937637,-0.3476713299751282,1.5707963705062866,0.0
1021,heading_step_90,102.10000000000001,0.0,1.5707963267948966,0.06856275349855423,-0.34786179661750793,1.5707963705062866,0.0
1022,heading_step_90,102.2,0.0,1.5707963267948966,0.06919768452644348,-0.3478047847747803,1.5707963705062866,0.0
1023,heading_step_90,102.30000000000001,0.0,1.5707963267948966,0.0708879679441452,-0.3475901484489441,1.5707963705062866,0.0
1024,heading_step_90,102.4,0.0,1.5707963267948966,0.06947846710681915,-0.3476799428462982,1.5707963705062866,0.0
1025,heading_step_90,102.5,0.0,1.5707963267948966,0.06945671141147614,-0.3476811349391937,1.5707963705062866,0.0
1026,heading_step_90,102.60000000000001,0.0,1.5707963267948966,0.07077161222696304,-0.3475843369960785,1.5707963705062866,0.0
1027,heading_step_90,102.7,0.0,1.5707963267948966,0.07011444866657257,-0.34762245416641235,1.5707963705062866,0.0
1028,heading_step_90,102.80000000000001,0.0,1.5707963267948966,0.0708589255809784,-0.3475726246833801,1.5707963705062866,0.0
1029,heading_step_90,102.9,0.0,1.5707963267948966,0.07088600844144821,-0.347599595785141,1.5707963705062866,0.0
1030,heading_step_90,103.0,0.0,1.5707963267948966,0.07052257657051086,-0.3476037085056305,1.5707963705062866,0.0
1031,heading_step_90,103.10000000000001,0.0,1.5707963267948966,0.07013189047574997,-0.3476470112800598,1.5707963705062866,0.0
1032,heading_step_90,103.2,0.0,1.5707963267948966,0.07078251987695694,-0.34760650992393494,1.5707963705062866,0.0
1033,heading_step_90,103.30000000000001,0.0,1.5707963267948966,0.0703439936041832,-0.3476361334323883,1.5707963705062866,0.0
1034,heading_step_90,103.4,0.0,1.5707963267948966,0.07050728052854538,-0.3476153612136841,1.5707963705062866,0.0
1035,heading_step_90,103.5,0.0,1.5707963267948966,0.07050970196723938,-0.3476155996322632,1.5707963705062866,0.0
1036,heading_step_90,103.60000000000001,0.0,1.5707963267948966,0.07046645134687424,-0.34763431549072266,1.5707963705062866,0.0
1037,heading_step_90,103.7,0.0,1.5707963267948966,0.06976913660764694,-0.3476552963256836,1.5707963705062866,0.0
1038,heading_step_90,103.80000000000001,0.0,1.5707963267948966,0.06969740986824036,-0.34765464067459106,1.5707963705062866,0.0
1039,heading_step_90,103.9,0.0,1.5707963267948966,0.07001066952943802,-0.3476475179195404,1.5707963705062866,0.0
1040,heading_reset,104.0,0.0,0.0,0.0686875656247139,-0.34775984287261963,0.0,0.0
1041,heading_reset,104.10000000000001,0.0,0.0,0.07109372317790985,-0.344776451587677,0.0,0.0
1042,heading_reset,104.2,0.0,0.0,0.07093856483697891,-0.34382709860801697,0.0,0.0
1043,heading_reset,104.30000000000001,0.0,0.0,0.0707210898399353,-0.34602734446525574,0.0,0.0
1044,heading_reset,104.4,0.0,0.0,0.07076270878314972,-0.34570321440696716,0.0,0.0
1045,heading_reset,104.5,0.0,0.0,0.07121361792087555,-0.34211409091949463,0.0,0.0
1046,heading_reset,104.60000000000001,0.0,0.0,0.07129599899053574,-0.343522846698761,0.0,0.0
1047,heading_reset,104.7,0.0,0.0,0.07112914323806763,-0.3453911244869232,0.0,0.0
1048,heading_reset,104.80000000000001,0.0,0.0,0.07151370495557785,-0.3420219421386719,0.0,0.0
1049,heading_reset,104.9,0.0,0.0,0.07130905985832214,-0.3431827425956726,0.0,0.0
1050,heading_step_150,105.0,0.0,2.6179938779914944,0.07099427282810211,-0.3455296456813812,2.6005406379699707,0.0
1051,heading_step_150,105.10000000000001,0.0,2.6179938779914944,0.0719648152589798,-0.34620532393455505,2.6005406379699707,0.0
1052,heading_step_150,105.2,0.0,2.6179938779914944,0.07557877898216248,-0.3507627844810486,2.6005406379699707,0.0
1053,heading_step_150,105.30000000000001,0.0,2.6179938779914944,0.07581305503845215,-0.3506620526313782,2.6005406379699707,0.0
1054,heading_step_150,105.4,0.0,2.6179938779914944,0.07527697831392288,-0.349979043006897,2.6005406379699707,0.0
1055,heading_step_150,105.5,0.0,2.6179938779914944,0.07573871314525604,-0.35066837072372437,2.6005406379699707,0.0
1056,heading_step_150,105.60000000000001,0.0,2.6179938779914944,0.0766131803393364,-0.3515509366989136,2.6005406379699707,0.0
1057,heading_step_150,105.7,0.0,2.6179938779914944,0.07607124000787735,-0.351068913936615,2.6005406379699707,0.0
1058,heading_step_150,105.80000000000001,0.0,2.6179938779914944,0.07674601674079895,-0.35174787044525146,2.6005406379699707,0.0
1059,heading_step_150,105.9,0.0,2.6179938779914944,0.07689908891916275,-0.3524414002895355,2.6005406379699707,0.0
1060,heading_step_150,106.0,0.0,2.6179938779914944,0.07701180130243301,-0.3524792492389679,2.6005406379699707,0.0
1061,heading_step_150,106.10000000000001,0.0,2.6179938779914944,0.07667949795722961,-0.35190102458000183,2.6005406379699707,0.0
1062,heading_step_150,106.2,0.0,2.6179938779914944,0.07771511375904083,-0.353179395198822,2.6005406379699707,0.0
1063,heading_step_150,106.30000000000001,0.0,2.6179938779914944,0.07733801752328873,-0.3528089225292206,2.6005406379699707,0.0
1064,heading_step_150,106.4,0.0,2.6179938779914944,0.07760711014270782,-0.3530503809452057,2.6005406379699707,0.0
1065,heading_step_150,106.5,0.0,2.6179938779914944,0.07744567841291428,-0.3530273735523224,2.6005406379699707,0.0
1066,heading_step_150,106.60000000000001,0.0,2.6179938779914944,0.0775376632809639,-0.3530082702636719,2.6005406379699707,0.0
1067,heading_step_150,106.7,0.0,2.6179938779914944,0.07737309485673904,-0.35294222831726074,2.6005406379699707,0.0
1068,heading_step_150,106.80000000000001,0.0,2.6179938779914944,0.07758308202028275,-0.3532097637653351,2.6005406379699707,0.0
1069,heading_step_150,106.9,0.0,2.6179938779914944,0.07758083194494247,-0.3531452417373657,2.6005406379699707,0.0
1070,heading_step_150,107.0,0.0,2.6179938779914944,0.07745139300823212,-0.35301563143730164,2.6005406379699707,0.0
1071,heading_step_150,107.10000000000001,0.0,2.6179938779914944,0.07770213484764099,-0.3533374071121216,2.6005406379699707,0.0
1072,heading_step_150,107.2,0.0,2.6179938779914944,0.07790088653564453,-0.3536755442619324,2.6005406379699707,0.0
1073,heading_step_150,107.30000000000001,0.0,2.6179938779914944,0.07763735204935074,-0.35321858525276184,2.6005406379699707,0.0
1074,heading_step_150,107.4,0.0,2.6179938779914944,0.07761792838573456,-0.3532239496707916,2.6005406379699707,0.0
1075,heading_step_150,107.5,0.0,2.6179938779914944,0.07782451808452606,-0.35358116030693054,2.6005406379699707,0.0
1076,heading_step_150,107.60000000000001,0.0,2.6179938779914944,0.07767375558614731,-0.353339284658432,2.6005406379699707,0.0
1077,heading_step_150,107.7,0.0,2.6179938779914944,0.07780417799949646,-0.3534853458404541,2.6005406379699707,0.0
1078,heading_step_150,107.80000000000001,0.0,2.6179938779914944,0.07799044996500015,-0.35380256175994873,2.6005406379699707,0.0
1079,heading_step_150,107.9,0.0,2.6179938779914944,0.07819490134716034,-0.35413917899131775,2.6005406379699707,0.0
1080,heading_reset,108.0,0.0,0.0,0.07843984663486481,-0.3545408546924591,0.0,0.0
1081,heading_reset,108.10000000000001,0.0,0.0,0.07578174024820328,-0.3486667275428772,0.0,0.0
1082,heading_reset,108.2,0.0,0.0,0.07608254253864288,-0.3454933166503906,0.0,0.0
1083,heading_reset,108.30000000000001,0.0,0.0,0.07611728459596634,-0.3454098403453827,0.0,0.0
1084,heading_reset,108.4,0.0,0.0,0.07627034932374954,-0.3457447290420532,0.0,0.0
1085,heading_reset,108.5,0.0,0.0,0.0761074498295784,-0.3456461727619171,0.0,0.0
1086,heading_reset,108.60000000000001,0.0,0.0,0.07637638598680496,-0.34414541721343994,0.0,0.0
1087,heading_reset,108.7,0.0,0.0,0.07639612257480621,-0.34459662437438965,0.0,0.0
1088,heading_reset,108.80000000000001,0.0,0.0,0.0762239620089531,-0.3454916775226593,0.0,0.0
1089,heading_reset,108.9,0.0,0.0,0.07632763683795929,-0.34500569105148315,0.0,0.0
1090,heading_step_-30,109.0,0.0,-0.5235987755982988,0.07627342641353607,-0.3455355167388916,-0.5410520434379578,0.0
1091,heading_step_-30,109.10000000000001,0.0,-0.5235987755982988,0.07714545726776123,-0.347171813249588,-0.5410520434379578,0.0
1092,heading_step_-30,109.2,0.0,-0.5235987755982988,0.07490961253643036,-0.34325411915779114,-0.5410520434379578,0.0
1093,heading_step_-30,109.30000000000001,0.0,-0.5235987755982988,0.0764806866645813,-0.34508106112480164,-0.5410520434379578,0.0
1094,heading_step_-30,109.4,0.0,-0.5235987755982988,0.07812389731407166,-0.3477437496185303,-0.5410520434379578,0.0
1095,heading_step_-30,109.5,0.0,-0.5235987755982988,0.07529418170452118,-0.34321361780166626,-0.5410520434379578,0.0
1096,heading_step_-30,109.60000000000001,0.0,-0.5235987755982988,0.07491611689329147,-0.342151403427124,-0.5410520434379578,0.0
1097,heading_step_-30,109.7,0.0,-0.5235987755982988,0.07803057134151459,-0.3466406762599945,-0.5410520434379578,0.0
1098,heading_step_-30,109.80000000000001,0.0,-0.5235987755982988,0.07555535435676575,-0.3427843451499939,-0.5410520434379578,0.0
1099,heading_step_-30,109.9,0.0,-0.5235987755982988,0.07500643283128738,-0.3415757417678833,-0.5410520434379578,0.0
1100,heading_step_-30,110.0,0.0,-0.5235987755982988,0.07796433568000793,-0.3457169234752655,-0.5410520434379578,0.0
1101,heading_step_-30,110.10000000000001,0.0,-0.5235987755982988,0.0776202604174614,-0.34524327516555786,-0.5410520434379578,0.0
1102,heading_step_-30,110.2,0.0,-0.5235987755982988,0.0752703920006752,-0.34149008989334106,-0.5410520434379578,0.0
1103,heading_step_-30,110.30000000000001,0.0,-0.5235987755982988,0.07779834419488907,-0.34475526213645935,-0.5410520434379578,0.0
1104,heading_step_-30,110.4,0.0,-0.5235987755982988,0.07778708636760712,-0.3448295295238495,-0.5410520434379578,0.0
1105,heading_step_-30,110.5,0.0,-0.5235987755982988,0.07564010471105576,-0.34154221415519714,-0.5410520434379578,0.0
1106,heading_step_-30,110.60000000000001,0.0,-0.5235987755982988,0.07619264721870422,-0.34191960096359253,-0.5410520434379578,0.0
1107,heading_step_-30,110.7,0.0,-0.5235987755982988,0.0778781846165657,-0.3444021940231323,-0.5410520434379578,0.0
1108,heading_step_-30,110.80000000000001,0.0,-0.5235987755982988,0.07696500420570374,-0.3431396186351776,-0.5410520434379578,0.0
1109,heading_step_-30,110.9,0.0,-0.5235987755982988,0.07619000226259232,-0.3415347635746002,-0.5410520434379578,0.0
1110,heading_step_-30,111.0,0.0,-0.5235987755982988,0.0776510089635849,-0.34359949827194214,-0.5410520434379578,0.0
1111,heading_step_-30,111.10000000000001,0.0,-0.5235987755982988,0.0771554633975029,-0.34304213523864746,-0.5410520434379578,0.0
1112,heading_step_-30,111.2,0.0,-0.5235987755982988,0.07655492424964905,-0.3418116867542267,-0.5410520434379578,0.0
1113,heading_step_-30,111.30000000000001,0.0,-0.5235987755982988,0.07723969966173172,-0.3425382971763611,-0.5410520434379578,0.0
1114,heading_step_-30,111.4,0.0,-0.5235987755982988,0.07676437497138977,-0.3421967625617981,-0.5410520434379578,0.0
1115,heading_step_-30,111.5,0.0,-0.5235987755982988,0.07636681199073792,-0.3415944576263428,-0.5410520434379578,0.0
1116,heading_step_-30,111.60000000000001,0.0,-0.5235987755982988,0.0775962546467781,-0.34302085638046265,-0.5410520434379578,0.0
1117,heading_step_-30,111.7,0.0,-0.5235987755982988,0.0765017494559288,-0.3416310250759125,-0.5410520434379578,0.0
1118,heading_step_-30,111.80000000000001,0.0,-0.5235987755982988,0.07671637833118439,-0.3420846164226532,-0.5410520434379578,0.0
1119,heading_step_-30,111.9,0.0,-0.5235987755982988,0.07715482264757156,-0.34240782260894775,-0.5410520434379578,0.0
1120,heading_reset,112.0,0.0,0.0,0.07693470269441605,-0.3422188460826874,0.0,0.0
1121,heading_reset,112.10000000000001,0.0,0.0,0.07702291756868362,-0.35013100504875183,0.0,0.0
1122,heading_reset,112.2,0.0,0.0,0.07646215707063675,-0.34522369503974915,0.0,0.0
1123,heading_reset,112.30000000000001,0.0,0.0,0.07617975771427155,-0.3475678265094757,0.0,0.0
1124,heading_reset,112.4,0.0,0.0,0.07598581910133362,-0.3527989685535431,0.0,0.0
1125,heading_reset,112.5,0.0,0.0,0.07605201750993729,-0.34981343150138855,0.0,0.0
1126,heading_reset,112.60000000000001,0.0,0.0,0.0759030133485794,-0.34754982590675354,0.0,0.0
1127,heading_reset,112.7,0.0,0.0,0.07602567970752716,-0.35137566924095154,0.0,0.0
1128,heading_reset,112.80000000000001,0.0,0.0,0.0760631114244461,-0.35079216957092285,0.0,0.0
1129,heading_reset,112.9,0.0,0.0,0.07598408311605453,-0.34810927510261536,0.0,0.0
1130,heading_step_-90,113.0,0.0,-1.5707963267948966,0.07629240304231644,-0.3513351082801819,-1.5882495641708374,0.0
1131,heading_step_-90,113.10000000000001,0.0,-1.5707963267948966,0.07125071436166763,-0.3497426211833954,-1.5882495641708374,0.0
1132,heading_step_-90,113.2,0.0,-1.5707963267948966,0.06789681315422058,-0.34944307804107666,-1.5882495641708374,0.0
1133,heading_step_-90,113.30000000000001,0.0,-1.5707963267948966,0.07027022540569305,-0.3491872549057007,-1.5882495641708374,0.0
1134,heading_step_-90,113.4,0.0,-1.5707963267948966,0.07263493537902832,-0.3492077887058258,-1.5882495641708374,0.0
1135,heading_step_-90,113.5,0.0,-1.5707963267948966,0.06759496033191681,-0.3493068218231201,-1.5882495641708374,0.0
1136,heading_step_-90,113.60000000000001,0.0,-1.5707963267948966,0.06639580428600311,-0.34928980469703674,-1.5882495641708374,0.0
1137,heading_step_-90,113.7,0.0,-1.5707963267948966,0.07115563005208969,-0.3492240011692047,-1.5882495641708374,0.0
1138,heading_step_-90,113.80000000000001,0.0,-1.5707963267948966,0.0702749714255333,-0.3492281436920166,-1.5882495641708374,0.0
1139,heading_step_-90,113.9,0.0,-1.5707963267948966,0.06589040905237198,-0.3493252098560333,-1.5882495641708374,0.0
1140,heading_step_-90,114.0,0.0,-1.5707963267948966,0.06765394657850266,-0.3493766486644745,-1.5882495641708374,0.0
1141,heading_step_-90,114.10000000000001,0.0,-1.5707963267948966,0.06925375759601593,-0.3493010997772217,-1.5882495641708374,0.0
1142,heading_step_-90,114.2,0.0,-1.5707963267948966,0.06590922921895981,-0.34936630725860596,-1.5882495641708374,0.0
1143,heading_step_-90,114.30000000000001,0.0,-1.5707963267948966,0.06792065501213074,-0.34937939047813416,-1.5882495641708374,0.0
1144,heading_step_-90,114.4,0.0,-1.5707963267948966,0.06811559945344925,-0.34939470887184143,-1.5882495641708374,0.0
1145,heading_step_-90,114.5,0.0,-1.5707963267948966,0.06589926034212112,-0.3493645191192627,-1.5882495641708374,0.0
1146,heading_step_-90,114.60000000000001,0.0,-1.5707963267948966,0.06828245520591736,-0.3492559790611267,-1.5882495641708374,0.0
1147,heading_step_-90,114.7,0.0,-1.5707963267948966,0.06715849041938782,-0.3492780327796936,-1.5882495641708374,0.0
1148,heading_step_-90,114.80000000000001,0.0,-1.5707963267948966,0.06565207242965698,-0.349336713552475,-1.5882495641708374,0.0
1149,heading_step_-90,114.9,0.0,-1.5707963267948966,0.06803718954324722,-0.3493579626083374,-1.5882495641708374,0.0
1150,heading_step_-90,115.0,0.0,-1.5707963267948966,0.06824034452438354,-0.34933212399482727,-1.5882495641708374,0.0
1151,heading_step_-90,115.10000000000001,0.0,-1.5707963267948966,0.06571388989686966,-0.34933924674987793,-1.5882495641708374,0.0
1152,heading_step_-90,115.2,0.0,-1.5707963267948966,0.0676392912864685,-0.349397212266922,-1.5882495641708374,0.0
1153,heading_step_-90,115.30000000000001,0.0,-1.5707963267948966,0.06703804433345795,-0.3494364023208618,-1.5882495641708374,0.0
1154,heading_step_-90,115.4,0.0,-1.5707963267948966,0.06612569093704224,-0.34924668073654175,-1.5882495641708374,0.0
1155,heading_step_-90,115.5,0.0,-1.5707963267948966,0.06685560196638107,-0.34923213720321655,-1.5882495641708374,0.0
1156,heading_step_-90,115.60000000000001,0.0,-1.5707963267948966,0.06609925627708435,-0.34943637251853943,-1.5882495641708374,0.0
1157,heading_step_-90,115.7,0.0,-1.5707963267948966,0.0664963647723198,-0.3493170142173767,-1.5882495641708374,0.0
1158,heading_step_-90,115.80000000000001,0.0,-1.5707963267948966,0.06601323932409286,-0.34926140308380127,-1.5882495641708374,0.0
1159,heading_step_-90,115.9,0.0,-1.5707963267948966,0.06628121435642242,-0.34939154982566833,-1.5882495641708374,0.0
1160,heading_reset,116.0,0.0,0.0,0.06637576967477798,-0.34937331080436707,0.0,0.0
1161,heading_reset,116.10000000000001,0.0,0.0,0.07146446406841278,-0.34746628999710083,0.0,0.0
1162,heading_reset,116.2,0.0,0.0,0.07176385819911957,-0.34849292039871216,0.0,0.0
1163,heading_reset,116.30000000000001,0.0,0.0,0.07141391932964325,-0.3468780815601349,0.0,0.0
1164,heading_reset,116.4,0.0,0.0,0.07137902826070786,-0.3491482138633728,0.0,0.0
1165,heading_reset,116.5,0.0,0.0,0.07145033031702042,-0.34872952103614807,0.0,0.0
1166,heading_reset,116.60000000000001,0.0,0.0,0.07106682658195496,-0.34717297554016113,0.0,0.0
1167,heading_reset,116.7,0.0,0.0,0.0712215006351471,-0.34874939918518066,0.0,0.0
1168,heading_reset,116.80000000000001,0.0,0.0,0.07118621468544006,-0.34772422909736633,0.0,0.0
1169,heading_reset,116.9,0.0,0.0,0.07102355360984802,-0.3463580310344696,0.0,0.0
1170,heading_step_-150,117.0,0.0,-2.6179938779914944,0.07139832526445389,-0.3479238450527191,-2.6179938316345215,0.0
1171,heading_step_-150,117.10000000000001,0.0,-2.6179938779914944,0.06873967498540878,-0.3485580086708069,-2.6179938316345215,0.0
1172,heading_step_-150,117.2,0.0,-2.6179938779914944,0.06802576780319214,-0.3486354351043701,-2.6179938316345215,0.0
1173,heading_step_-150,117.30000000000001,0.0,-2.6179938779914944,0.07088138908147812,-0.3456839621067047,-2.6179938316345215,0.0
1174,heading_step_-150,117.4,0.0,-2.6179938779914944,0.07103084027767181,-0.34469854831695557,-2.6179938316345215,0.0
1175,heading_step_-150,117.5,0.0,-2.6179938779914944,0.0708594098687172,-0.3451257646083832,-2.6179938316345215,0.0
1176,heading_step_-150,117.60000000000001,0.0,-2.6179938779914944,0.07123000919818878,-0.34522780776023865,-2.6179938316345215,0.0
1177,heading_step_-150,117.7,0.0,-2.6179938779914944,0.07091405242681503,-0.3449835181236267,-2.6179938316345215,0.0
1178,heading_step_-150,117.80000000000001,0.0,-2.6179938779914944,0.07069205492734909,-0.3449455499649048,-2.6179938316345215,0.0
1179,heading_step_-150,117.9,0.0,-2.6179938779914944,0.0712703987956047,-0.34507790207862854,-2.6179938316345215,0.0
1180,heading_step_-150,118.0,0.0,-2.6179938779914944,0.07070934772491455,-0.3452754318714142,-2.6179938316345215,0.0
1181,heading_step_-150,118.10000000000001,0.0,-2.6179938779914944,0.07058519870042801,-0.3450862169265747,-2.6179938316345215,0.0
1182,heading_step_-150,118.2,0.0,-2.6179938779914944,0.07103954255580902,-0.34526142477989197,-2.6179938316345215,0.0
1183,heading_step_-150,118.30000000000001,0.0,-2.6179938779914944,0.07093730568885803,-0.3453800678253174,-2.6179938316345215,0.0
1184,heading_step_-150,118.4,0.0,-2.6179938779914944,0.070522740483284,-0.3451659381389618,-2.6179938316345215,0.0
1185,heading_step_-150,118.5,0.0,-2.6179938779914944,0.07070967555046082,-0.34519001841545105,-2.6179938316345215,0.0
1186,heading_step_-150,118.60000000000001,0.0,-2.6179938779914944,0.07081197947263718,-0.34545791149139404,-2.6179938316345215,0.0
1187,heading_step_-150,118.7,0.0,-2.6179938779914944,0.07045838236808777,-0.34529730677604675,-2.6179938316345215,0.0
1188,heading_step_-150,118.80000000000001,0.0,-2.6179938779914944,0.07059665769338608,-0.34537482261657715,-2.6179938316345215,0.0
1189,heading_step_-150,118.9,0.0,-2.6179938779914944,0.0706811174750328,-0.3456253111362457,-2.6179938316345215,0.0
1190,heading_step_-150,119.0,0.0,-2.6179938779914944,0.0705256536602974,-0.34543201327323914,-2.6179938316345215,0.0
1191,heading_step_-150,119.10000000000001,0.0,-2.6179938779914944,0.07046875357627869,-0.3455274701118469,-2.6179938316345215,0.0
1192,heading_step_-150,119.2,0.0,-2.6179938779914944,0.07052111625671387,-0.34580057859420776,-2.6179938316345215,0.0
1193,heading_step_-150,119.30000000000001,0.0,-2.6179938779914944,0.07067056000232697,-0.34532538056373596,-2.6179938316345215,0.0
1194,heading_step_-150,119.4,0.0,-2.6179938779914944,0.07069533318281174,-0.3452986180782318,-2.6179938316345215,0.0
1195,heading_step_-150,119.5,0.0,-2.6179938779914944,0.070789635181427,-0.34542641043663025,-2.6179938316345215,0.0
1196,heading_step_-150,119.60000000000001,0.0,-2.6179938779914944,0.07075175642967224,-0.34520405530929565,-2.6179938316345215,0.0
1197,heading_step_-150,119.7,0.0,-2.6179938779914944,0.07085660845041275,-0.3449331223964691,-2.6179938316345215,0.0
1198,heading_step_-150,119.80000000000001,0.0,-2.6179938779914944,0.07072780281305313,-0.34546583890914917,-2.6179938316345215,0.0
1199,heading_step_-150,119.9,0.0,-2.6179938779914944,0.07068224996328354,-0.345435231924057,-2.6179938316345215,0.0
